-- phpMyAdmin SQL Dump
-- version 4.8.5
-- https://www.phpmyadmin.net/
--
-- Host: localhost
-- Generation Time: May 03, 2020 at 11:14 AM
-- Server version: 10.1.38-MariaDB
-- PHP Version: 7.3.4

SET SQL_MODE = "NO_AUTO_VALUE_ON_ZERO";
SET AUTOCOMMIT = 0;
START TRANSACTION;
SET time_zone = "+00:00";


/*!40101 SET @OLD_CHARACTER_SET_CLIENT=@@CHARACTER_SET_CLIENT */;
/*!40101 SET @OLD_CHARACTER_SET_RESULTS=@@CHARACTER_SET_RESULTS */;
/*!40101 SET @OLD_COLLATION_CONNECTION=@@COLLATION_CONNECTION */;
/*!40101 SET NAMES utf8mb4 */;

--
-- Database: `code4you`
--

-- --------------------------------------------------------

--
-- Table structure for table `article_masterpiece_page`
--

CREATE TABLE `article_masterpiece_page` (
  `id` int(11) NOT NULL,
  `id_masterpiece` int(11) NOT NULL,
  `data` text NOT NULL,
  `menu_id` int(11) NOT NULL
) ENGINE=InnoDB DEFAULT CHARSET=latin1;

--
-- Dumping data for table `article_masterpiece_page`
--

INSERT INTO `article_masterpiece_page` (`id`, `id_masterpiece`, `data`, `menu_id`) VALUES
(1, 1, '<!--StartFragment-->\n\n<p style=\"box-sizing: border-box; margin: 0px 0px 10px; color: rgb(33, 37, 41); font-family: Helvetica, sans-serif; font-size: 14px; font-style: normal; font-variant-ligatures: normal; font-variant-caps: normal; font-weight: 400; letter-spacing: normal; orphans: 2; text-align: left; text-indent: 0px; text-transform: none; white-space: normal; widows: 2; word-spacing: 0px; -webkit-text-stroke-width: 0px; background-color: rgb(255, 255, 255); text-decoration-style: initial; text-decoration-color: initial;\">\n\n<!--StartFragment--><span style=\"color: rgb(0, 0, 0); font-family: Verdana, Geneva, Tahoma, Arial, Helvetica, sans-serif; font-size: 15px; font-style: normal; font-variant-ligatures: normal; font-variant-caps: normal; font-weight: 400; letter-spacing: normal; orphans: 2; text-align: justify; text-indent: 0px; text-transform: none; white-space: normal; widows: 2; word-spacing: 0px; -webkit-text-stroke-width: 0px; background-color: rgb(255, 255, 255); text-decoration-style: initial; text-decoration-color: initial; display: inline !important; float: none;\"><font style=\"vertical-align: inherit;\"><font style=\"vertical-align: inherit;\">HTML vine de la Hyper Text Markup Language, care este limba cea mai utilizate pe scar? larg? pe Web pentru a dezvolta pagini web. </font><font style=\"vertical-align: inherit;\">HTML a fost creat de Berners-Lee la sfâr?itul anului 1991, dar „HTML 2.0“ a fost prima specifica?ie HTML standard, care a fost publicat în 1995. HTML 4.01 a fost o versiune major? a HTML ?i a fost publicat la sfâr?itul anului 1999. De?i versiunea HTML 4.01 este utilizat pe scar? larg? dar în prezent suntem cu HTML 5 versiune, care este o extensie a HTML 4.01, iar aceast? versiune a fost publicat? în 2012.</font></font></span><!--EndFragment-->\n\n</p><iframe class=\"notranslate show_this\" src=\"http://localhost:5000/visualize_code?id=3\" style=\"border:0px; overflow:hidden;\" width=\"100%\" height=\"200px\"></iframe><p></p><p><font style=\"vertical-align: inherit;\"><font style=\"vertical-align: inherit;\">Linux asd progrmmings</font></font></p><p></p><p>g</p>', 1),
(2, 1, '<font style=\"vertical-align: inherit;\"><font style=\"vertical-align: inherit;\">As told earlier, HTML is a markup language and makes use of various tags to format the content. These tags are enclosed within angle braces . Except few tags, most of the tags have their corresponding closing tags. For example, has its closing tag and\ntag has its closing tag tag etc. Above example of HTML document uses the following tags ?\n\n</font></font><ul class=\"list\">\n    <li><font style=\"vertical-align: inherit;\"><font style=\"vertical-align: inherit;\">\n        HTML stands for </font></font><b><u><font style=\"vertical-align: inherit;\"><font style=\"vertical-align: inherit;\">H</font></font></u></b><font style=\"vertical-align: inherit;\"><font style=\"vertical-align: inherit;\">yper</font></font><b><u><font style=\"vertical-align: inherit;\"><font style=\"vertical-align: inherit;\">t</font></font></u></b><font style=\"vertical-align: inherit;\"><font style=\"vertical-align: inherit;\">ext </font></font><b><u><font style=\"vertical-align: inherit;\"><font style=\"vertical-align: inherit;\">M</font></font></u></b><font style=\"vertical-align: inherit;\"><font style=\"vertical-align: inherit;\">arkup </font></font><b><u><font style=\"vertical-align: inherit;\"><font style=\"vertical-align: inherit;\">L</font></font></u></b><font style=\"vertical-align: inherit;\"><font style=\"vertical-align: inherit;\">anguage, and it is the most widely used language to write Web Pages\n        </font></font><p><b><font style=\"vertical-align: inherit;\"><font style=\"vertical-align: inherit;\">Hypertext</font></font></b><font style=\"vertical-align: inherit;\"><font style=\"vertical-align: inherit;\"> refers to the way in which Web pages (HTML documents) are linked together. Thus, the link available on a webpage is called Hypertext.</font></font></p>\n    </li>\n    <li>\n        <p><font style=\"vertical-align: inherit;\"><font style=\"vertical-align: inherit;\">As its name suggests, HTML is a </font></font><b><font style=\"vertical-align: inherit;\"><font style=\"vertical-align: inherit;\">Markup Language</font></font></b><font style=\"vertical-align: inherit;\"><font style=\"vertical-align: inherit;\"> which means you use HTML to simply \"mark-up\" a text document with tags that tell a Web browser how to structure it to display.</font></font></p>\n    </li>\n</ul>\n\n<p></p>\n<p><font style=\"vertical-align: inherit;\"><font style=\"vertical-align: inherit;\">Originally, HTML was developed with the intent of defining the structure of documents like headings, paragraphs, lists, and so forth to facilitate the sharing of scientific information between researchers.</font></font></p>\n<p><font style=\"vertical-align: inherit;\"><font style=\"vertical-align: inherit;\">Now, HTML is being widely used to format web pages with the help of different tags available in HTML language.</font></font></p>\n<h2><font style=\"vertical-align: inherit;\"><font style=\"vertical-align: inherit;\">Basic HTML Document</font></font></h2>\n<p></p>\n<p><font style=\"vertical-align: inherit;\"><font style=\"vertical-align: inherit;\">In its simplest form, following is an example of an HTML document ?</font></font></p>\n\n<iframe src=\"http://localhost:5000/visualize_code?id=3\" width=\"1016px\" height=\"206px\"></iframe>\n\n<p></p>\n\n<p></p>\n\n<p><font style=\"vertical-align: inherit;\"><font style=\"vertical-align: inherit;\">To learn HTML, you will need to study various tags and understand how they behave, while formatting a textual document. Learning HTML is simple as users have to learn the usage of different tags in order to format the text or images to make a beautiful\n    webpage.\n</font></font></p>\n<p><font style=\"vertical-align: inherit;\"><font style=\"vertical-align: inherit;\">We will study all the header and body tags in subsequent chapters, but for now let\'s see what is document declaration tag.</font></font></p>\n<p></p>\n<p></p>\n<h2><font style=\"vertical-align: inherit;\"><font style=\"vertical-align: inherit;\">The &lt;!DOCTYPE&gt; Declaration</font></font></h2>\n<p></p>\n<p></p><font style=\"vertical-align: inherit;\"><font style=\"vertical-align: inherit;\" class=\"\">\nThe &lt;!DOCTYPE&gt; declaration tag is used by the web browser to understand the version of the HTML used in the document. Current version of HTML is 5 and it makes use of the following declaration\n</font></font><p>\n</p>\n<h2><font style=\"vertical-align: inherit;\"><font style=\"vertical-align: inherit;\">HTML Tags1</font></font></h2><span style=\"background-color: rgb(243, 243, 243);\"></span>\n<p class=\"w3-xlarge\"><span style=\"background-color: rgb(243, 243, 243);\"><font style=\"vertical-align: inherit;\"><font style=\"vertical-align: inherit;\">&lt;tagname&gt;content goes here...&lt;/tagname&gt;</font></font></span></p><p></p><p></p><p><font style=\"vertical-align: inherit;\"><font style=\"vertical-align: inherit;\">sda</font></font></p><p><font style=\"vertical-align: inherit;\"><font style=\"vertical-align: inherit;\">he</font></font><font style=\"vertical-align: inherit;\"><font style=\"vertical-align: inherit;\">sha</font></font></p><p></p><p></p><p></p><p></p><p>\n\n<!--StartFragment--></p><p style=\"box-sizing: border-box; margin: 0px 0px 10px; color: rgb(33, 37, 41); font-family: Helvetica, sans-serif; font-size: 14px; font-style: normal; font-variant-ligatures: normal; font-variant-caps: normal; font-weight: 400; letter-spacing: normal; orphans: 2; text-align: left; text-indent: 0px; text-transform: none; white-space: normal; widows: 2; word-spacing: 0px; -webkit-text-stroke-width: 0px; background-color: rgb(255, 255, 255); text-decoration-style: initial; text-decoration-color: initial;\"></p><p></p>\n<p></p>\n<p class=\"w3-xlarge\"><span style=\"background-color: rgb(243, 243, 243);\"></span>\n</p>\n<p></p>\n\n', 2),
(3, 1, 'W3school', 0),
(4, 2, '<p></p>\n<p></p>\n<p><img src=\"data:image/jpeg;base64,/9j/4AAQSkZJRgABAQAAAQABAAD/2wCEAAkGBwgHBgkIBwgKCgkLDRYPDQwMDRsUFRAWIB0iIiAdHx8kKDQsJCYxJx8fLT0tMTU3Ojo6Iys/RD84QzQ5OjcBCgoKDQwNGg8PGjclHyU3Nzc3Nzc3Nzc3Nzc3Nzc3Nzc3Nzc3Nzc3Nzc3Nzc3Nzc3Nzc3Nzc3Nzc3Nzc3Nzc3N//AABEIAFoAWgMBEQACEQEDEQH/xAAbAAABBQEBAAAAAAAAAAAAAAABAAQFBgcDAv/EAEEQAAEDAwEEAwsICwEAAAAAAAEAAgMEBRESBiFBUTFhgQcTFFJVcZGSobHRFiI0QnJ0otIjJjIzNlNWYnPB4RX/xAAbAQACAwEBAQAAAAAAAAAAAAAAAQMEBQIGB//EADIRAAICAQEEBwcEAwAAAAAAAAABAgMRBAUSITEyUVJhcYGhExQVIkHR8AYzkbEjNOH/2gAMAwEAAhEDEQA/ANxQAkAAnAygDMr5txc6+vdRbPtLI9RYx7Ga5JTzHIe1aFemjGO9YZ9mplJ4gVm61V+hnEd0qLjHIRkNlke0EcwM4U8FW18uCGTsXSbI0zzE5M0hPMvK7wjjLOkVyuEJzDX1cZ/sncPcVy4RfNHSnJcmWSwbfXOgnY25SOraUnDtX7xo5tPHzH0hQWaaMujwZPXqJR6XFGs0tRFV00VRTvD4pWh7HDiD0LPaaeGX001lHVIYkAJACQAkANbo8x2yre04c2B5B69JXUOkjmfRZk3c+ulFab0ZK9wjZJCY2yuG6M5B38gcYytPVQlOHymbppxhP5iV7pd7ttyio6ahmjqJY3l7pY97WgjGnPXuPYodLXKLbkS6myMsJFD4q4VTyUgAUhmx9zOR0myVOHknRJI0Z5aj8Vm6lYsZo6Z5rRalATiQAkAJADapr6Ok+lVcEH+WQN966UZPkjlyiubGVbdrRU0c8Au9C3vsbmavCGHGRjmuo1zTT3WcOyDWMozwbG27A/Wy2/h/Or3vEuw/zyKXu8e2vzzF8jbb/Vlt/D+dL3iXYf55D93j21+eZF3+wUlqpI56a90le90oYYocZaME6tzju3Y7VJXa5vDjg4sqUFlSyQBUpEApDNe7mT2R7JRF7g0d/k3k44rM1tkYTzJ4Ro6RNwwi0+FU/wDPj9cKl71R21/KLXs59TOoIIyN4UyafFHAUwKXt/tRLa2st9ufoqpW6pJB0xt4Y6z7O1W9LQp/NLkVNTc4fLHmZfI90kjpJHOe9xy5zjknzlaaWFhGa+LyzwUhgwgDyQkNA4pHQCkACkM1DYr+BovvL/eV5n9Rfs+aNrZX3Hq8Ybg+tVW6Cdsbj+iecY5HmtPZeslTaq2/lfDwK2ppU47y5osOV6zJlGI7V1Xhm0lwmzkCYsb5m/N/0tqiO7WkY10t6xsiCpSMCQwIABSOkDikM8lIAFIZrdlopLTspQUVQNNQ8maRp6W6iTg+kDsXkP1DqItKC+r9Eb+zanFZZ7XlTYB0b0uXIC1QSiSGN/jNB9i93TarK4z60mYU4NSaMHrSTW1Bd0mVxPpK9HHoowZdJjcpiAUhlssmwtXXU7aq5TtoKdwy0ObmRw83Dt39So6jX1Uriy3To52Ev8gbN5WqvUb8Fn/HdP2l6ltbMl3+gPkDZfK1V6rfgl8d0/aXqP4ZLv8AQR2Bsvlaq9VvwS+O6ftL1D4ZPv8AQf2vZ2w2WZtRC2atqWHLHz4ww8wMAdu9U9Vt+vdxDj4cPUsU7Nw8sd1Er55DJIcuK8pfdO6bnN8TYrgoLdRzUJIBICRhlkELADuDQtqmyaril1Ipzgt5mVbRUxpL/cICMaah5A6icj2EL6FVLeri+48lbHdsaI0rs4LJsBa4rlf2uqGh0NKwzOaegnoaD27+xVtXZ7OvxLOlr37OP0NAqZ3VEhe4nH1RyC+b6rUS1Fm/Ll9O49TXWoRwjiVWJQJDPJQACkxnly5OkBAzyehICyU9G0U8Qd+0GDPoXsKNGlVFPnhGPZc3N4KF3TbNJHWMu8LCYpAGTEfVcNwJ6iN3Z1r0WjtWNxmPq68S30UMq6Uy7dy36bc/uw96zdp/svz/AKL2g6ZaeC+cHqAFIYEhnkoABSYzy5cnSAgY5t1OamqaMfMbvcruz9M770vouL/O8g1Fns4d5ZMFezMcUkbJY3Rysa9jhhzXDII6whPHETWSuT7C7PzSF/gj488I5nAejKsLVWpcyB6WpvkOrXs3bbH4RLb45GPlj0u1SF24b+Kg1V07KmpdTJKaYVyzEZ8F4M3QFIZ0pzAHnwkOLMbtPNWNN7Df/wA+cdxHZv4+QcarZ4kvtV3OzOp+v3IsanuBm2eLN6SlnZnU/X7jxqe4c01DRVMffI2v05xvcVe0+g0WohvwTx4sgnfdCW62df8AyaTxXesVP8I0nU/5Zz73b1juCCOBmiJgaOpXqaK6Y7tawiCU5TeZM6KU5EgBIA8Tb4n/AGSo7eNcvBjjzRW+C8QbACkMCQztRU4qZ+9k4aBknqVvRab3m7cbwuZFdZ7OOUdrlQspmNkicdJOCCrW0dnw08VOD4cuJHp73Y8SH1m+hD7R961dkf6q8X/ZW1X7o/WmVhIASAEgBIASAIatoHxuL4W6ozvwOkLzWt2bOuTnUsx/ov1ahNYlzGB3dKyWsFoCQwxSvhkEkbsOC7qtnTNTg8NClFTWGO9NXcnN1DSwccYH/Vpbur2g1vcI/wAL/pXzVp+XMmYImwRNjZ0NGF6KmqNNahHkihOTlJyZ0UpyJACQAkAJACQACgDjPFG9uXxtcesZVbUVVzhmUU/I7hKSfBkPIxgkwGtx5l5+dcFPCSL6k8cySo4Yg0ERszz0hbOjoqUc7qz4FO2cs4yPB0q+QhTASAEgBIA//9k=\" alt=\"\" style=\"width: 180px; height: 180px;\"></p><br>\n<p></p>\n<p></p>\n<p></p>\n<p><span style=\"color: inherit; font-family: inherit; font-size: 2rem;\"><font style=\"vertical-align: inherit;\"><font style=\"vertical-align: inherit;\">What is Python?</font></font></span></p>\n<p></p>\n<p><font style=\"vertical-align: inherit;\"><font style=\"vertical-align: inherit;\">Python is a popular programming language. It was created in 1991 by Guido van Rossum.</font></font></p>\n\n<p><font style=\"vertical-align: inherit;\"><font style=\"vertical-align: inherit;\">It is used for:</font></font></p>\n\n<ul>\n    <li><font style=\"vertical-align: inherit;\"><font style=\"vertical-align: inherit;\">web development (server-side), </font></font></li>\n    <li><font style=\"vertical-align: inherit;\"><font style=\"vertical-align: inherit;\">software development, </font></font></li>\n    <li><font style=\"vertical-align: inherit;\"><font style=\"vertical-align: inherit;\">mathematics,</font></font></li>\n    <li><font style=\"vertical-align: inherit;\"><font style=\"vertical-align: inherit;\">system scripting.</font></font></li>\n</ul>\n\n<p></p>\n<h3><font style=\"vertical-align: inherit;\"><font style=\"vertical-align: inherit;\">What can Python do?</font></font></h3>\n<p></p>\n<ul>\n    <li><font style=\"vertical-align: inherit;\"><font style=\"vertical-align: inherit;\">Python can be used on a server to create web applications.</font></font></li>\n    <li><font style=\"vertical-align: inherit;\"><font style=\"vertical-align: inherit;\">Python can be used alongside software to create workflows.</font></font></li>\n    <li><font style=\"vertical-align: inherit;\"><font style=\"vertical-align: inherit;\">Python can connect to database systems. It can also read and modify files.</font></font></li>\n    <li><font style=\"vertical-align: inherit;\"><font style=\"vertical-align: inherit;\">Python can be used to handle big data and perform complex mathematics.</font></font></li>\n    <li><font style=\"vertical-align: inherit;\"><font style=\"vertical-align: inherit;\">Python can be used for rapid prototyping, or for production-ready software development.</font></font></li>\n</ul>\n\n<p></p>\n<h3><font style=\"vertical-align: inherit;\"><font style=\"vertical-align: inherit;\">Why Python?</font></font></h3>\n<p></p>\n<ul>\n    <li><font style=\"vertical-align: inherit;\"><font style=\"vertical-align: inherit;\">Python works on different platforms (Windows, Mac, Linux, Raspberry Pi, etc).</font></font></li>\n    <li><font style=\"vertical-align: inherit;\"><font style=\"vertical-align: inherit;\">Python has a simple syntax similar to the English language.</font></font></li>\n    <li><font style=\"vertical-align: inherit;\"><font style=\"vertical-align: inherit;\">Python has syntax that allows developers to write programs with fewer lines than some other programming languages.</font></font></li>\n    <li><font style=\"vertical-align: inherit;\"><font style=\"vertical-align: inherit;\">Python runs on an interpreter system, meaning that code can be executed as soon as it is written. This means that prototyping can be very quick.</font></font></li>\n    <li><font style=\"vertical-align: inherit;\"><font style=\"vertical-align: inherit;\">Python can be treated in a procedural way, an object-orientated way or a functional way.</font></font></li>\n</ul>\n\n<p></p>\n<h3><font style=\"vertical-align: inherit;\"><font style=\"vertical-align: inherit;\">Good to know</font></font></h3>\n<p></p>\n<ul>\n    <li><font style=\"vertical-align: inherit;\"><font style=\"vertical-align: inherit;\">The most recent major version of Python is Python 3, which we shall be using in this tutorial. However, Python 2, although not being updated with anything other than security updates, is still quite popular.</font></font></li>\n    <li><font style=\"vertical-align: inherit;\"><font style=\"vertical-align: inherit;\">In this tutorial Python will be written in a text editor. It is possible to write Python in an Integrated Development Environment, such as Thonny, Pycharm, Netbeans or Eclipse which are particularly useful when managing larger collections of Python\n        files.\n    </font></font></li>\n</ul>\n<iframe src=\"http://localhost:5000/visualize_code?id=2\" width=\"1018px\" height=\"311px\"></iframe>\n<p></p>\n<p></p>\n<p></p>\n<h3><font style=\"vertical-align: inherit;\"><font style=\"vertical-align: inherit;\">Python Syntax compared to other programming languages</font></font></h3>\n<p></p>\n<ul>\n    <li><font style=\"vertical-align: inherit;\"><font style=\"vertical-align: inherit;\">Python was designed to for readability, and has some similarities to the English language with influence from mathematics.</font></font></li>\n    <li><font style=\"vertical-align: inherit;\"><font style=\"vertical-align: inherit;\">Python uses new lines to complete a command, as opposed to other programming languages which often use semicolons or parentheses.</font></font></li>\n    <li><font style=\"vertical-align: inherit;\"><font style=\"vertical-align: inherit;\" class=\"\">Python relies on indentation, using whitespace, to define scope; such as the scope of loops, functions and classes. Other programming <br></font></font></li>\n</ul>\n<p></p>\n<p></p>\n<p></p>\n<p></p>\n<p></p>\n<hr><iframe src=\"http://localhost:5000/compile_python?code_id=2&amp;language=Python\" width=\"1014px\" height=\"360px\"></iframe>', 3),
(5, 1, '<h2>\n    HTML Documents</h2>\n<p>All HTML documents must start with a document type declaration: <code class=\"w3-codespan\">&lt;!DOCTYPE html&gt;</code>.</p>\n<p>The HTML document itself begins with <code class=\"w3-codespan\">&lt;html&gt;</code> and ends with <code class=\"w3-codespan\">&lt;/html&gt;</code>.</p>\n<p>The visible part of the HTML document is between <code class=\"w3-codespan\">&lt;body&gt;</code> and <code class=\"w3-codespan\">&lt;/body&gt;</code>. </p>\n<div class=\"w3-example\">\n    <h3>Example</h3>\n\n\n</div>\n<hr>\n\n<h2>HTML Headings</h2>\n<p>HTML headings are defined with the <code class=\"w3-codespan\">&lt;h1&gt;</code> to <code class=\"w3-codespan\">&lt;h6&gt;</code> tags.</p>\n\n<div class=\"w3-example\"><code class=\"w3-codespan\">&lt;h1&gt;</code> defines the most important heading. <code class=\"w3-codespan\">&lt;h6&gt;</code> defines the least importan\n    <h3>Example</h3><p></p>\n    <p></p>\n\n\n\n\n\n    <!--StartFragment--></div>\n\n<hr>\n\n\n\n\n<!--EndFragment-->\n\n<p></p><iframe class=\"notranslate show_this\" src=\"http://localhost:5000/visualize_code?id=5\" style=\"border:0px; overflow:hidden;\" width=\"1010px\" height=\"199px\"></iframe><p>\n\n<!--StartFragment--></p><p style=\"box-sizing: border-box; margin: 0em 0.2em 0.6em; font-style: normal; font-variant-ligatures: normal; font-variant-caps: normal; font-weight: 400; letter-spacing: normal; orphans: 2; text-indent: 0px; text-transform: none; white-space: normal; widows: 2; word-spacing: 0px; -webkit-text-stroke-width: 0px; background-color: rgb(255, 255, 255); text-decoration-style: initial; text-decoration-color: initial; color: rgb(0, 0, 0); line-height: 24px; overflow-wrap: break-word; padding: 0px; text-align: justify; font-family: Verdana, Geneva, Tahoma, Arial, Helvetica, sans-serif; font-size: 15px !important;\">So here<span style=\"box-sizing: border-box;\">&nbsp;</span><b style=\"box-sizing: border-box; font-weight: 640;\">&lt;p&gt;....&lt;/p&gt;</b><span style=\"box-sizing: border-box;\">&nbsp;</span>is an HTML element,<span style=\"box-sizing: border-box;\">&nbsp;</span><b style=\"box-sizing: border-box; font-weight: 640;\">&lt;h1&gt;...&lt;/h1&gt;</b><span style=\"box-sizing: border-box;\">&nbsp;</span>is another HTML element. There are some HTML elements which don\'t need to be closed, such as<span style=\"box-sizing: border-box;\">&nbsp;</span><b style=\"box-sizing: border-box; font-weight: 640;\">&lt;img.../&gt;</b>,<span style=\"box-sizing: border-box;\">&nbsp;</span><b style=\"box-sizing: border-box; font-weight: 640;\">&lt;hr /&gt;</b><span style=\"box-sizing: border-box;\">&nbsp;</span>and<span style=\"box-sizing: border-box;\">&nbsp;</span><span>&nbsp;</span><b style=\"box-sizing: border-box; font-weight: 640;\">&lt;br /&gt;</b><span style=\"box-sizing: border-box;\">&nbsp;</span>elements. These are known as<span style=\"box-sizing: border-box;\">&nbsp;</span><b style=\"box-sizing: border-box; font-weight: 640;\">void elements</b>.</p><p style=\"box-sizing: border-box; margin: 0em 0.2em 0.6em; font-style: normal; font-variant-ligatures: normal; font-variant-caps: normal; font-weight: 400; letter-spacing: normal; orphans: 2; text-indent: 0px; text-transform: none; white-space: normal; widows: 2; word-spacing: 0px; -webkit-text-stroke-width: 0px; background-color: rgb(255, 255, 255); text-decoration-style: initial; text-decoration-color: initial; color: rgb(0, 0, 0); line-height: 24px; overflow-wrap: break-word; padding: 0px; text-align: justify; font-family: Verdana, Geneva, Tahoma, Arial, Helvetica, sans-serif; font-size: 15px !important;\">HTML documents consists of a tree of these elements and they specify how HTML documents should be built, and what kind of content should be placed in what part of an HTML document.</p><p>\n\n<!--StartFragment--></p><p style=\"box-sizing: border-box; color: rgb(0, 0, 0); line-height: 24px; margin: 0em 0.2em 0.6em; overflow-wrap: break-word; padding: 0px; text-align: justify; font-size: 15px !important; font-family: Verdana, Geneva, Tahoma, Arial, Helvetica, sans-serif; font-style: normal; font-variant-ligatures: normal; font-variant-caps: normal; font-weight: 400; letter-spacing: normal; orphans: 2; text-indent: 0px; text-transform: none; white-space: normal; widows: 2; word-spacing: 0px; -webkit-text-stroke-width: 0px; text-decoration-style: initial; text-decoration-color: initial;\">We have seen few HTML tags and their usage like heading tags<span>&nbsp;</span><b style=\"box-sizing: border-box; font-weight: 640;\">&lt;h1&gt;, &lt;h2&gt;,</b>paragraph tag<span>&nbsp;</span><b style=\"box-sizing: border-box; font-weight: 640;\">&lt;p&gt;</b><span>&nbsp;</span>and other tags. We used them so far in their simplest form, but most of the HTML tags can also have attributes, which are extra bits of information.</p><p style=\"box-sizing: border-box; color: rgb(0, 0, 0); line-height: 24px; margin: 0em 0.2em 0.6em; overflow-wrap: break-word; padding: 0px; text-align: justify; font-size: 15px !important; font-family: Verdana, Geneva, Tahoma, Arial, Helvetica, sans-serif; font-style: normal; font-variant-ligatures: normal; font-variant-caps: normal; font-weight: 400; letter-spacing: normal; orphans: 2; text-indent: 0px; text-transform: none; white-space: normal; widows: 2; word-spacing: 0px; -webkit-text-stroke-width: 0px; text-decoration-style: initial; text-decoration-color: initial;\">An attribute is used to define the characteristics of an HTML element and is placed inside the element\'s opening tag. All attributes are made up of two parts ? a<span>&nbsp;</span><b style=\"box-sizing: border-box; font-weight: 640;\">name</b><span>&nbsp;</span>and a<span>&nbsp;</span><b style=\"box-sizing: border-box; font-weight: 640;\">value</b></p><ul class=\"list\" style=\"box-sizing: border-box; color: rgb(49, 49, 49); font-family: Verdana, Geneva, Tahoma, Arial, Helvetica, sans-serif; font-size: 14px; font-style: normal; font-variant-ligatures: normal; font-variant-caps: normal; font-weight: 400; letter-spacing: normal; orphans: 2; text-align: start; text-indent: 0px; text-transform: none; white-space: normal; widows: 2; word-spacing: 0px; -webkit-text-stroke-width: 0px; text-decoration-style: initial; text-decoration-color: initial;\"><li style=\"box-sizing: border-box; line-height: 24px; margin-bottom: 5px; background: url(&quot;/images/icon-bullet.png&quot;) 0px 4px no-repeat; padding: 0px 0px 0px 19px; list-style: none; color: rgb(0, 0, 0);\"><p style=\"box-sizing: border-box; color: rgb(0, 0, 0); line-height: 24px; margin: 0em 0.2em 0.6em; overflow-wrap: break-word; padding: 0px; text-align: justify; font-size: 15px !important;\">The<span>&nbsp;</span><b style=\"box-sizing: border-box; font-weight: 640;\">name</b><span>&nbsp;</span>is the property you want to set. For example, the paragraph<span>&nbsp;</span><b style=\"box-sizing: border-box; font-weight: 640;\">&lt;p&gt;</b><span>&nbsp;</span>element in the example carries an attribute whose name is<span>&nbsp;</span><b style=\"box-sizing: border-box; font-weight: 640;\">align</b>, which you can use to indicate the alignment of paragraph on the page.</p></li><li style=\"box-sizing: border-box; line-height: 24px; margin-bottom: 5px; background: url(&quot;/images/icon-bullet.png&quot;) 0px 4px no-repeat; padding: 0px 0px 0px 19px; list-style: none; color: rgb(0, 0, 0);\"><p style=\"box-sizing: border-box; color: rgb(0, 0, 0); line-height: 24px; margin: 0em 0.2em 0.6em; overflow-wrap: break-word; padding: 0px; text-align: justify; font-size: 15px !important;\">The<span>&nbsp;</span><b style=\"box-sizing: border-box; font-weight: 640;\">value</b><span>&nbsp;</span>is what you want the value of the property to be set and always put within quotations. The below example shows three possible values of align attribute:<span>&nbsp;</span><b style=\"box-sizing: border-box; font-weight: 640;\">left, center</b><span>&nbsp;</span>and<span>&nbsp;</span><b style=\"box-sizing: border-box; font-weight: 640;\">right</b>.</p></li></ul><p style=\"box-sizing: border-box; color: rgb(0, 0, 0); line-height: 24px; margin: 0em 0.2em 0.6em; overflow-wrap: break-word; padding: 0px; text-align: justify; font-size: 15px !important; font-family: Verdana, Geneva, Tahoma, Arial, Helvetica, sans-serif; font-style: normal; font-variant-ligatures: normal; font-variant-caps: normal; font-weight: 400; letter-spacing: normal; orphans: 2; text-indent: 0px; text-transform: none; white-space: normal; widows: 2; word-spacing: 0px; -webkit-text-stroke-width: 0px; text-decoration-style: initial; text-decoration-color: initial;\">Attribute names and attribute values are case-insensitive. However, the World Wide Web Consortium (W3C) recommends lowercase attributes/attribute values in their HTML 4 recommendation.</p><p>\n\n<!--StartFragment--></p><p style=\"box-sizing: border-box; color: rgb(0, 0, 0); line-height: 24px; margin: 0em 0.2em 0.6em; overflow-wrap: break-word; padding: 0px; text-align: justify; font-size: 15px !important; font-family: Verdana, Geneva, Tahoma, Arial, Helvetica, sans-serif; font-style: normal; font-variant-ligatures: normal; font-variant-caps: normal; font-weight: 400; letter-spacing: normal; orphans: 2; text-indent: 0px; text-transform: none; white-space: normal; widows: 2; word-spacing: 0px; -webkit-text-stroke-width: 0px; text-decoration-style: initial; text-decoration-color: initial;\">The phrase tags have been desicolgned for specific purposes, though they are displayed in a similar way as other basic tags like<span>&nbsp;</span><b style=\"box-sizing: border-box; font-weight: 640;\">&lt;b&gt;, &lt;i&gt;, &lt;pre&gt;</b>, and<span>&nbsp;</span><b style=\"box-sizing: border-box; font-weight: 640;\">&lt;tt&gt;</b>, you have seen in previous chapter. This chapter will take you through all the important phrase tags, so let\'s start seeing them one by one.</p><h2 style=\"box-sizing: border-box; color: rgb(18, 18, 20); font-weight: normal; letter-spacing: -1px; margin: 0.2em 0.2em 0.2em 0px; font-size: 1.7em; line-height: 1.5em; padding: 0px; text-shadow: rgb(204, 204, 204) 1px 1px 2px; position: relative; left: 0px; font-family: Verdana, Geneva, Tahoma, Arial, Helvetica, sans-serif; font-style: normal; font-variant-ligatures: normal; font-variant-caps: normal; orphans: 2; text-align: start; text-indent: 0px; text-transform: none; white-space: normal; widows: 2; word-spacing: 0px; -webkit-text-stroke-width: 0px; text-decoration-style: initial; text-decoration-color: initial;\">Emphasized Text</h2><p style=\"box-sizing: border-box; color: rgb(0, 0, 0); line-height: 24px; margin: 0em 0.2em 0.6em; overflow-wrap: break-word; padding: 0px; text-align: justify; font-size: 15px !important; font-family: Verdana, Geneva, Tahoma, Arial, Helvetica, sans-serif; font-style: normal; font-variant-ligatures: normal; font-variant-caps: normal; font-weight: 400; letter-spacing: normal; orphans: 2; text-indent: 0px; text-transform: none; white-space: normal; widows: 2; word-spacing: 0px; -webkit-text-stroke-width: 0px; text-decoration-style: initial; text-decoration-color: initial;\">Anything that appears within<span>&nbsp;</span><b style=\"box-sizing: border-box; font-weight: 640;\">&lt;em&gt;...&lt;/em&gt;</b><span>&nbsp;</span>element is displayed as emphasized text.</p><p>\n\n<!--StartFragment--></p><h2 style=\"box-sizing: border-box; color: rgb(18, 18, 20); font-weight: normal; letter-spacing: -1px; margin: 0.2em 0.2em 0.2em 0px; font-size: 1.7em; line-height: 1.5em; padding: 0px; text-shadow: rgb(204, 204, 204) 1px 1px 2px; position: relative; left: 0px; font-family: Verdana, Geneva, Tahoma, Arial, Helvetica, sans-serif; font-style: normal; font-variant-ligatures: normal; font-variant-caps: normal; orphans: 2; text-align: start; text-indent: 0px; text-transform: none; white-space: normal; widows: 2; word-spacing: 0px; -webkit-text-stroke-width: 0px; text-decoration-style: initial; text-decoration-color: initial;\">Marked Text</h2><p style=\"box-sizing: border-box; color: rgb(0, 0, 0); line-height: 24px; margin: 0em 0.2em 0.6em; overflow-wrap: break-word; padding: 0px; text-align: justify; font-size: 15px !important; font-family: Verdana, Geneva, Tahoma, Arial, Helvetica, sans-serif; font-style: normal; font-variant-ligatures: normal; font-variant-caps: normal; font-weight: 400; letter-spacing: normal; orphans: 2; text-indent: 0px; text-transform: none; white-space: normal; widows: 2; word-spacing: 0px; -webkit-text-stroke-width: 0px; text-decoration-style: initial; text-decoration-color: initial;\">Anything that appears with-in<span>&nbsp;</span><b style=\"box-sizing: border-box; font-weight: 640;\">&lt;mark&gt;...&lt;/mark&gt;</b><span>&nbsp;</span>element, is displayed as marked with yellow ink.</p><p>\n\n<!--StartFragment--><h2 style=\"box-sizing: border-box; color: rgb(18, 18, 20); font-weight: normal; letter-spacing: -1px; margin: 0.2em 0.2em 0.2em 0px; font-size: 1.7em; line-height: 1.5em; padding: 0px; text-shadow: rgb(204, 204, 204) 1px 1px 2px; position: relative; left: 0px; font-family: Verdana, Geneva, Tahoma, Arial, Helvetica, sans-serif; font-style: normal; font-variant-ligatures: normal; font-variant-caps: normal; orphans: 2; text-align: start; text-indent: 0px; text-transform: none; white-space: normal; widows: 2; word-spacing: 0px; -webkit-text-stroke-width: 0px; text-decoration-style: initial; text-decoration-color: initial;\">Strong Text</h2><p style=\"box-sizing: border-box; color: rgb(0, 0, 0); line-height: 24px; margin: 0em 0.2em 0.6em; overflow-wrap: break-word; padding: 0px; text-align: justify; font-size: 15px !important; font-family: Verdana, Geneva, Tahoma, Arial, Helvetica, sans-serif; font-style: normal; font-variant-ligatures: normal; font-variant-caps: normal; font-weight: 400; letter-spacing: normal; orphans: 2; text-indent: 0px; text-transform: none; white-space: normal; widows: 2; word-spacing: 0px; -webkit-text-stroke-width: 0px; text-decoration-style: initial; text-decoration-color: initial;\">Anything that appears within<span>&nbsp;</span><b style=\"box-sizing: border-box; font-weight: 640;\">&lt;strong&gt;...&lt;/strong&gt;</b><span>&nbsp;</span>element is displayed as important text.</p><!--EndFragment-->\n\n\n\n<!--StartFragment--><h2 style=\"box-sizing: border-box; color: rgb(18, 18, 20); font-weight: normal; letter-spacing: -1px; margin: 0.2em 0.2em 0.2em 0px; font-size: 1.7em; line-height: 1.5em; padding: 0px; text-shadow: rgb(204, 204, 204) 1px 1px 2px; position: relative; left: 0px; font-family: Verdana, Geneva, Tahoma, Arial, Helvetica, sans-serif; font-style: normal; font-variant-ligatures: normal; font-variant-caps: normal; orphans: 2; text-align: start; text-indent: 0px; text-transform: none; white-space: normal; widows: 2; word-spacing: 0px; -webkit-text-stroke-width: 0px; text-decoration-style: initial; text-decoration-color: initial;\">Text Abbreviation</h2><p style=\"box-sizing: border-box; color: rgb(0, 0, 0); line-height: 24px; margin: 0em 0.2em 0.6em; overflow-wrap: break-word; padding: 0px; text-align: justify; font-size: 15px !important; font-family: Verdana, Geneva, Tahoma, Arial, Helvetica, sans-serif; font-style: normal; font-variant-ligatures: normal; font-variant-caps: normal; font-weight: 400; letter-spacing: normal; orphans: 2; text-indent: 0px; text-transform: none; white-space: normal; widows: 2; word-spacing: 0px; -webkit-text-stroke-width: 0px; text-decoration-style: initial; text-decoration-color: initial;\">You can abbreviate a text by putting it inside opening &lt;abbr&gt; and closing &lt;/abbr&gt; tags. If present, the title attribute must contain this full description and nothing else.</p><!--EndFragment-->\n\n\n\n<!--StartFragment--><h2 style=\"box-sizing: border-box; color: rgb(18, 18, 20); font-weight: normal; letter-spacing: -1px; margin: 0.2em 0.2em 0.2em 0px; font-size: 1.7em; line-height: 1.5em; padding: 0px; text-shadow: rgb(204, 204, 204) 1px 1px 2px; position: relative; left: 0px; font-family: Verdana, Geneva, Tahoma, Arial, Helvetica, sans-serif; font-style: normal; font-variant-ligatures: normal; font-variant-caps: normal; orphans: 2; text-align: start; text-indent: 0px; text-transform: none; white-space: normal; widows: 2; word-spacing: 0px; -webkit-text-stroke-width: 0px; text-decoration-style: initial; text-decoration-color: initial;\">Acronym Element</h2><p style=\"box-sizing: border-box; color: rgb(0, 0, 0); line-height: 24px; margin: 0em 0.2em 0.6em; overflow-wrap: break-word; padding: 0px; text-align: justify; font-size: 15px !important; font-family: Verdana, Geneva, Tahoma, Arial, Helvetica, sans-serif; font-style: normal; font-variant-ligatures: normal; font-variant-caps: normal; font-weight: 400; letter-spacing: normal; orphans: 2; text-indent: 0px; text-transform: none; white-space: normal; widows: 2; word-spacing: 0px; -webkit-text-stroke-width: 0px; text-decoration-style: initial; text-decoration-color: initial;\">The<span>&nbsp;</span><b style=\"box-sizing: border-box; font-weight: 640;\">&lt;acronym&gt;</b><span>&nbsp;</span>element allows you to indicate that the text between &lt;acronym&gt; and &lt;/acronym&gt; tags is an acronym.</p><p style=\"box-sizing: border-box; color: rgb(0, 0, 0); line-height: 24px; margin: 0em 0.2em 0.6em; overflow-wrap: break-word; padding: 0px; text-align: justify; font-size: 15px !important; font-family: Verdana, Geneva, Tahoma, Arial, Helvetica, sans-serif; font-style: normal; font-variant-ligatures: normal; font-variant-caps: normal; font-weight: 400; letter-spacing: normal; orphans: 2; text-indent: 0px; text-transform: none; white-space: normal; widows: 2; word-spacing: 0px; -webkit-text-stroke-width: 0px; text-decoration-style: initial; text-decoration-color: initial;\">At present, the major browsers do not change the appearance of the content of the &lt;acronym&gt; element.</p><!--EndFragment-->\n\n</p><p>\n\n<!--StartFragment--><h2 style=\"box-sizing: border-box; color: rgb(18, 18, 20); font-weight: normal; letter-spacing: -1px; margin: 0.2em 0.2em 0.2em 0px; font-size: 1.7em; line-height: 1.5em; padding: 0px; text-shadow: rgb(204, 204, 204) 1px 1px 2px; position: relative; left: 0px; font-family: Verdana, Geneva, Tahoma, Arial, Helvetica, sans-serif; font-style: normal; font-variant-ligatures: normal; font-variant-caps: normal; orphans: 2; text-align: start; text-indent: 0px; text-transform: none; white-space: normal; widows: 2; word-spacing: 0px; -webkit-text-stroke-width: 0px; text-decoration-style: initial; text-decoration-color: initial;\">Text Direction</h2><p style=\"box-sizing: border-box; color: rgb(0, 0, 0); line-height: 24px; margin: 0em 0.2em 0.6em; overflow-wrap: break-word; padding: 0px; text-align: justify; font-size: 15px !important; font-family: Verdana, Geneva, Tahoma, Arial, Helvetica, sans-serif; font-style: normal; font-variant-ligatures: normal; font-variant-caps: normal; font-weight: 400; letter-spacing: normal; orphans: 2; text-indent: 0px; text-transform: none; white-space: normal; widows: 2; word-spacing: 0px; -webkit-text-stroke-width: 0px; text-decoration-style: initial; text-decoration-color: initial;\">The<span>&nbsp;</span><b style=\"box-sizing: border-box; font-weight: 640;\">&lt;bdo&gt;...&lt;/bdo&gt;</b><span>&nbsp;</span>element stands for Bi-Directional Override and it is used to override the current text direction.</p><p></p><!--EndFragment-->\n\n\n\n<!--StartFragment--><h2 style=\"box-sizing: border-box; color: rgb(18, 18, 20); font-weight: normal; letter-spacing: -1px; margin: 0.2em 0.2em 0.2em 0px; font-size: 1.7em; line-height: 1.5em; padding: 0px; text-shadow: rgb(204, 204, 204) 1px 1px 2px; position: relative; left: 0px; font-family: Verdana, Geneva, Tahoma, Arial, Helvetica, sans-serif; font-style: normal; font-variant-ligatures: normal; font-variant-caps: normal; orphans: 2; text-align: start; text-indent: 0px; text-transform: none; white-space: normal; widows: 2; word-spacing: 0px; -webkit-text-stroke-width: 0px; text-decoration-style: initial; text-decoration-color: initial;\">Special Terms</h2><p style=\"box-sizing: border-box; color: rgb(0, 0, 0); line-height: 24px; margin: 0em 0.2em 0.6em; overflow-wrap: break-word; padding: 0px; text-align: justify; font-size: 15px !important; font-family: Verdana, Geneva, Tahoma, Arial, Helvetica, sans-serif; font-style: normal; font-variant-ligatures: normal; font-variant-caps: normal; font-weight: 400; letter-spacing: normal; orphans: 2; text-indent: 0px; text-transform: none; white-space: normal; widows: 2; word-spacing: 0px; -webkit-text-stroke-width: 0px; text-decoration-style: initial; text-decoration-color: initial;\">The<span>&nbsp;</span><b style=\"box-sizing: border-box; font-weight: 640;\">&lt;dfn&gt;...&lt;/dfn&gt;</b><span>&nbsp;</span>element (or HTML Definition Element) allows you to specify that you are introducing a special term. It\'s usage is similar to italic words in the midst of a paragraph.</p><p style=\"box-sizing: border-box; color: rgb(0, 0, 0); line-height: 24px; margin: 0em 0.2em 0.6em; overflow-wrap: break-word; padding: 0px; text-align: justify; font-size: 15px !important; font-family: Verdana, Geneva, Tahoma, Arial, Helvetica, sans-serif; font-style: normal; font-variant-ligatures: normal; font-variant-caps: normal; font-weight: 400; letter-spacing: normal; orphans: 2; text-indent: 0px; text-transform: none; white-space: normal; widows: 2; word-spacing: 0px; -webkit-text-stroke-width: 0px; text-decoration-style: initial; text-decoration-color: initial;\">Typically, you would use the &lt;dfn&gt; element the first time you introduce a key term. Most recent browsers render the content of a &lt;dfn&gt; element in an italic font.</p><p></p><p>\n\n<!--StartFragment--><h2 style=\"box-sizing: border-box; color: rgb(18, 18, 20); font-weight: normal; letter-spacing: -1px; margin: 0.2em 0.2em 0.2em 0px; font-size: 1.7em; line-height: 1.5em; padding: 0px; text-shadow: rgb(204, 204, 204) 1px 1px 2px; position: relative; left: 0px; font-family: Verdana, Geneva, Tahoma, Arial, Helvetica, sans-serif; font-style: normal; font-variant-ligatures: normal; font-variant-caps: normal; orphans: 2; text-align: start; text-indent: 0px; text-transform: none; white-space: normal; widows: 2; word-spacing: 0px; -webkit-text-stroke-width: 0px; text-decoration-style: initial; text-decoration-color: initial;\">Quoting Text</h2><p style=\"box-sizing: border-box; color: rgb(0, 0, 0); line-height: 24px; margin: 0em 0.2em 0.6em; overflow-wrap: break-word; padding: 0px; text-align: justify; font-size: 15px !important; font-family: Verdana, Geneva, Tahoma, Arial, Helvetica, sans-serif; font-style: normal; font-variant-ligatures: normal; font-variant-caps: normal; font-weight: 400; letter-spacing: normal; orphans: 2; text-indent: 0px; text-transform: none; white-space: normal; widows: 2; word-spacing: 0px; -webkit-text-stroke-width: 0px; text-decoration-style: initial; text-decoration-color: initial;\">When you want to quote a passage from another source, you should put it in between<span>&nbsp;</span><b style=\"box-sizing: border-box; font-weight: 640;\">&lt;blockquote&gt;...&lt;/blockquote&gt;</b><span>&nbsp;</span>tags.</p><p style=\"box-sizing: border-box; color: rgb(0, 0, 0); line-height: 24px; margin: 0em 0.2em 0.6em; overflow-wrap: break-word; padding: 0px; text-align: justify; font-size: 15px !important; font-family: Verdana, Geneva, Tahoma, Arial, Helvetica, sans-serif; font-style: normal; font-variant-ligatures: normal; font-variant-caps: normal; font-weight: 400; letter-spacing: normal; orphans: 2; text-indent: 0px; text-transform: none; white-space: normal; widows: 2; word-spacing: 0px; -webkit-text-stroke-width: 0px; text-decoration-style: initial; text-decoration-color: initial;\">Text inside a &lt;blockquote&gt; element is usually indented from the left and right edges of the surrounding text, and sometimes uses an italicized font.</p><!--EndFragment-->\n\n</p><p>\n\n<!--StartFragment--><h2 style=\"box-sizing: border-box; color: rgb(18, 18, 20); font-weight: normal; letter-spacing: -1px; margin: 0.2em 0.2em 0.2em 0px; font-size: 1.7em; line-height: 1.5em; padding: 0px; text-shadow: rgb(204, 204, 204) 1px 1px 2px; position: relative; left: 0px; font-family: Verdana, Geneva, Tahoma, Arial, Helvetica, sans-serif; font-style: normal; font-variant-ligatures: normal; font-variant-caps: normal; orphans: 2; text-align: start; text-indent: 0px; text-transform: none; white-space: normal; widows: 2; word-spacing: 0px; -webkit-text-stroke-width: 0px; text-decoration-style: initial; text-decoration-color: initial;\">Short Quotations</h2><p style=\"box-sizing: border-box; color: rgb(0, 0, 0); line-height: 24px; margin: 0em 0.2em 0.6em; overflow-wrap: break-word; padding: 0px; text-align: justify; font-size: 15px !important; font-family: Verdana, Geneva, Tahoma, Arial, Helvetica, sans-serif; font-style: normal; font-variant-ligatures: normal; font-variant-caps: normal; font-weight: 400; letter-spacing: normal; orphans: 2; text-indent: 0px; text-transform: none; white-space: normal; widows: 2; word-spacing: 0px; -webkit-text-stroke-width: 0px; text-decoration-style: initial; text-decoration-color: initial;\">The<span>&nbsp;</span><b style=\"box-sizing: border-box; font-weight: 640;\">&lt;q&gt;...&lt;/q&gt;</b><span>&nbsp;</span>element is used when you want to add a double quote within a sentence.</p><!--EndFragment-->\n\n</p><!--EndFragment-->\n\n\n\n<!--StartFragment--><h2 style=\"box-sizing: border-box; color: rgb(18, 18, 20); font-weight: normal; letter-spacing: -1px; margin: 0.2em 0.2em 0.2em 0px; font-size: 1.7em; line-height: 1.5em; padding: 0px; text-shadow: rgb(204, 204, 204) 1px 1px 2px; position: relative; left: 0px; font-family: Verdana, Geneva, Tahoma, Arial, Helvetica, sans-serif; font-style: normal; font-variant-ligatures: normal; font-variant-caps: normal; orphans: 2; text-align: start; text-indent: 0px; text-transform: none; white-space: normal; widows: 2; word-spacing: 0px; -webkit-text-stroke-width: 0px; text-decoration-style: initial; text-decoration-color: initial;\">Text Citations</h2><p style=\"box-sizing: border-box; color: rgb(0, 0, 0); line-height: 24px; margin: 0em 0.2em 0.6em; overflow-wrap: break-word; padding: 0px; text-align: justify; font-size: 15px !important; font-family: Verdana, Geneva, Tahoma, Arial, Helvetica, sans-serif; font-style: normal; font-variant-ligatures: normal; font-variant-caps: normal; font-weight: 400; letter-spacing: normal; orphans: 2; text-indent: 0px; text-transform: none; white-space: normal; widows: 2; word-spacing: 0px; -webkit-text-stroke-width: 0px; text-decoration-style: initial; text-decoration-color: initial;\">If you are quoting a text, you can indicate the source placing it between an opening<span>&nbsp;</span><b style=\"box-sizing: border-box; font-weight: 640;\">&lt;cite&gt;</b><span>&nbsp;</span>tag and closing<span>&nbsp;</span><b style=\"box-sizing: border-box; font-weight: 640;\">&lt;/cite&gt;</b><span>&nbsp;</span>tag</p><p style=\"box-sizing: border-box; color: rgb(0, 0, 0); line-height: 24px; margin: 0em 0.2em 0.6em; overflow-wrap: break-word; padding: 0px; text-align: justify; font-size: 15px !important; font-family: Verdana, Geneva, Tahoma, Arial, Helvetica, sans-serif; font-style: normal; font-variant-ligatures: normal; font-variant-caps: normal; font-weight: 400; letter-spacing: normal; orphans: 2; text-indent: 0px; text-transform: none; white-space: normal; widows: 2; word-spacing: 0px; -webkit-text-stroke-width: 0px; text-decoration-style: initial; text-decoration-color: initial;\">As you would expect in a print publication, the content of the &lt;cite&gt; element is rendered in italicized text by default.</p><!--EndFragment-->\n\n</p><p></p><p>\n\n<!--StartFragment--><h2 style=\"box-sizing: border-box; color: rgb(18, 18, 20); font-weight: normal; letter-spacing: -1px; margin: 0.2em 0.2em 0.2em 0px; font-size: 1.7em; line-height: 1.5em; padding: 0px; text-shadow: rgb(204, 204, 204) 1px 1px 2px; position: relative; left: 0px; font-family: Verdana, Geneva, Tahoma, Arial, Helvetica, sans-serif; font-style: normal; font-variant-ligatures: normal; font-variant-caps: normal; orphans: 2; text-align: start; text-indent: 0px; text-transform: none; white-space: normal; widows: 2; word-spacing: 0px; -webkit-text-stroke-width: 0px; text-decoration-style: initial; text-decoration-color: initial;\">Computer Code</h2><p style=\"box-sizing: border-box; color: rgb(0, 0, 0); line-height: 24px; margin: 0em 0.2em 0.6em; overflow-wrap: break-word; padding: 0px; text-align: justify; font-size: 15px !important; font-family: Verdana, Geneva, Tahoma, Arial, Helvetica, sans-serif; font-style: normal; font-variant-ligatures: normal; font-variant-caps: normal; font-weight: 400; letter-spacing: normal; orphans: 2; text-indent: 0px; text-transform: none; white-space: normal; widows: 2; word-spacing: 0px; -webkit-text-stroke-width: 0px; text-decoration-style: initial; text-decoration-color: initial;\">Any programming code to appear on a Web page should be placed inside<span>&nbsp;</span><b style=\"box-sizing: border-box; font-weight: 640;\">&lt;code&gt;...&lt;/code&gt;</b><span>&nbsp;</span>tags. Usually the content of the &lt;code&gt; element is presented in a monospaced font, just like the code in most programming books.</p><!--EndFragment-->\n\n</p><!--EndFragment-->\n\n<p></p><p></p><!--EndFragment-->\n\n<p></p><p></p><!--EndFragment-->\n\n<p></p><p></p><p></p><!--EndFragment-->\n\n<p></p>', 4),
(6, 2, '<p>Unlike other programming languages, Python has no command for declaring a variable.</p>\n<p>Think of a variable as a name attached to a particular object. In Python, variables need not be declared or defined in advance, as is the case in many other programming languages. To create a variable, you just assign it a value and then start using it.\n    Assignment is done with a single equals sign (=):</p>\n<p></p><iframe class=\"notranslate show_this\" src=\"http://localhost:5000/compile_python?code_id=1&amp;language=Python\" style=\"border:0px; overflow:hidden;\" width=\"1032px\" height=\"408px\"></iframe>\n\n<p></p>\n<p>A variable is created the moment you first assign a value to it.</p><br>\n<h2 id=\"variable-types-in-python\">Variable Types in Python<br></h2>\n<p>In many programming languages, variables are statically typed. That means a variable is initially declared to have a specific data type, and any value assigned to it during its lifetime must always have that type.</p>\n<p>Variables in Python are not subject to this restriction. In Python, a variable may be assigned a value of one type and then later re-assigned a value of a different type:</p><p>For concatenation(the way to macth to string together) use +:<iframe class=\"notranslate show_this\" src=\"http://localhost:5000/compile_python?code_id=10&amp;language=Python\" style=\"border:0px; overflow:hidden;\" width=\"1032px\" height=\"408px\"></iframe></p>', 5),
(7, 2, '<p>\n</p>\n<p>In the real world, we commonly must evaluate information around us and then choose one course of action or another based on what we observe:</p>\n<blockquote>\n    <p>If the weather is nice, then I’ll mow the lawn. (It’s implied that if the weather isn’t nice, then I won’t mow the lawn.)</p>\n</blockquote>\n<p>In a Python program, the <code>if</code> statement is how you perform this sort of decision-making. It allows for <strong>conditional</strong> execution of a statement or group of statements based on the value of an expression.</p>\n<p>The outline of this tutorial is as follows:</p>\n<ul>\n    <li>First, you’ll get a quick overview of the <code>if</code> statement in its simplest form.</li>\n    <li>Next, using the <code>if</code> statement as a model, you’ll see why control structures require some mechanism for grouping statements together into <strong>compound statements</strong> or <strong>blocks</strong>. You’ll learn how this is done in\n        Python.\n    </li>\n    <li>Lastly, you’ll tie it all together and learn how to write complex decision-making code.</li>\n</ul>\n<p><img src=\"https://files.realpython.com/media/t.78f3bacaa261.png\" alt=\"\" style=\"width: 805px; height: 393px;\"></p>\n<p>In the form shown above:</p>\n<ul>\n    <li><code>&lt;expr&gt;</code> is an expression evaluated in Boolean context in the Operators and Expressions in Python tutorial.\n    </li>\n    <li><code>&lt;statement&gt;</code> is a valid Python statement, which must be indented. (You will see why very soon.)</li>\n</ul>\n<iframe class=\"notranslate show_this\" src=\"http://localhost:5000/compile_python?code_id=11&amp;language=Python\" style=\"border:0px; overflow:hidden;\" width=\"1032px\" height=\"408px\"></iframe>\n', 6);
INSERT INTO `article_masterpiece_page` (`id`, `id_masterpiece`, `data`, `menu_id`) VALUES
(8, 3, 'The elementary logic gates of a classical computer, other than the NOT gate, are not reversible. Thus, for instance, for an AND gate one cannot recover the two input bits from the output bit; for example, if the output bit is 0, we cannot tell from this\nwhether the input bits are 0,1 or 1,0 or 0,0. However, reversible gates in classical computers are easily constructed for bit strings of any length; moreover, these are actually of practical interest, since irreversible gates must always increase physical\nentropy. A reversible gate is a reversible function on n-bit data that returns n-bit data, where an n-bit data is a string of bits x1,x2, ...,xn of length n. The set of n-bit data is the space {0,1}n, which consists of 2n strings of 0\'s and 1\'s. More\nprecisely: an n-bit reversible gate is a bijective mapping f from the set {0,1}n of n-bit data onto itself. An example of such a reversible gate f is a mapping that applies a fixed permutation to its inputs. For reasons of practical engineering, one typically\nstudies gates only for small values of n, e.g. n=1, n=2 or n=3. These gates can be easily described by tables.\n\n\n<iframe src=\"https://algassert.com/quirk#circuit={%22cols%22:[[1,%22X%22],[1,1,%22X%22],[1,1,1,%22X%22]]}\" width=\"1088px\" height=\"653px\"></iframe><p>On top we have a Quantum Simulator you will see this a lot when you will take our tutorial.</p><p></p><p></p><p>To define quantum gates, we first need to specify the quantum replacement of an <i>n</i>-bit datum. The <i>quantized version</i> of classical <i>n</i>-bit space {0,1}<sup><i>n</i></sup> is the <a href=\"https://en.wikipedia.org/wiki/Hilbert_space\" title=\"Hilbert space\">Hilbert space</a>\n</p>\n<dl><dd><span class=\"mwe-math-element\"><span class=\"mwe-math-mathml-inline mwe-math-mathml-a11y\" style=\"display: none;\"><math xmlns=\"http://www.w3.org/1998/Math/MathML\" alttext=\"{\\displaystyle H_{\\operatorname {QB} (n)}=\\ell ^{2}(\\{0,1\\}^{n}).}\">\n  <semantics>\n    <mrow class=\"MJX-TeXAtom-ORD\">\n      <mstyle displaystyle=\"true\" scriptlevel=\"0\">\n        <msub>\n          <mi>H</mi>\n          <mrow class=\"MJX-TeXAtom-ORD\">\n            <mi>QB</mi>\n            <mo>?</mo>\n            <mo stretchy=\"false\">(</mo>\n            <mi>n</mi>\n            <mo stretchy=\"false\">)</mo>\n          </mrow>\n        </msub>\n        <mo>=</mo>\n        <msup>\n          <mi>?</mi>\n          <mrow class=\"MJX-TeXAtom-ORD\">\n            <mn>2</mn>\n          </mrow>\n        </msup>\n        <mo stretchy=\"false\">(</mo>\n        <mo fence=\"false\" stretchy=\"false\">{</mo>\n        <mn>0</mn>\n        <mo>,</mo>\n        <mn>1</mn>\n        <msup>\n          <mo fence=\"false\" stretchy=\"false\">}</mo>\n          <mrow class=\"MJX-TeXAtom-ORD\">\n            <mi>n</mi>\n          </mrow>\n        </msup>\n        <mo stretchy=\"false\">)</mo>\n        <mo>.</mo>\n      </mstyle>\n    </mrow>\n    <annotation encoding=\"application/x-tex\">{\\displaystyle H_{\\operatorname {QB} (n)}=\\ell ^{2}(\\{0,1\\}^{n}).}</annotation>\n  </semantics>\n</math></span><img src=\"https://wikimedia.org/api/rest_v1/media/math/render/svg/87310d9eaf4452f7f3af4011d4a8fd6c9426b3d0\" class=\"mwe-math-fallback-image-inline\" aria-hidden=\"true\" style=\"vertical-align: -1.171ex; width:21.352ex; height:3.509ex;\" alt=\"H_{\\operatorname {QB} (n)}=\\ell ^{2}(\\{0,1\\}^{n}).\"></span></dd></dl>\n<p>This is by definition the space of complex-valued functions on {0,1}<sup><i>n</i></sup> and is naturally an <a href=\"https://en.wikipedia.org/wiki/Inner_product_space\" title=\"Inner product space\">inner product space</a>.   This space can also be regarded as consisting of linear superpositions of classical bit strings. Note that  <i>H</i><sub>QB(<i>n</i>)</sub> is a vector space over the complex numbers of <a href=\"https://en.wikipedia.org/wiki/Dimension\" title=\"Dimension\">dimension</a> 2<sup><i>n</i></sup>.  The elements of this space are called <i>n</i>-qubits.\n</p><p>Using Dirac <a href=\"https://en.wikipedia.org/wiki/Bra-ket\" class=\"mw-redirect\" title=\"Bra-ket\">ket</a> notation, if <i>x</i><sub>1</sub>,<i>x</i><sub>2</sub>, ...,<i>x</i><sub><i>n</i></sub> is a classical bit string, then \n</p>\n<dl><dd><span class=\"mwe-math-element\"><span class=\"mwe-math-mathml-inline mwe-math-mathml-a11y\" style=\"display: none;\"><math xmlns=\"http://www.w3.org/1998/Math/MathML\" alttext=\"{\\displaystyle |x_{1},x_{2},\\cdots ,x_{n}\\rangle \\quad }\">\n  <semantics>\n    <mrow class=\"MJX-TeXAtom-ORD\">\n      <mstyle displaystyle=\"true\" scriptlevel=\"0\">\n        <mrow class=\"MJX-TeXAtom-ORD\">\n          <mo stretchy=\"false\">|</mo>\n        </mrow>\n        <msub>\n          <mi>x</mi>\n          <mrow class=\"MJX-TeXAtom-ORD\">\n            <mn>1</mn>\n          </mrow>\n        </msub>\n        <mo>,</mo>\n        <msub>\n          <mi>x</mi>\n          <mrow class=\"MJX-TeXAtom-ORD\">\n            <mn>2</mn>\n          </mrow>\n        </msub>\n        <mo>,</mo>\n        <mo>?</mo>\n        <mo>,</mo>\n        <msub>\n          <mi>x</mi>\n          <mrow class=\"MJX-TeXAtom-ORD\">\n            <mi>n</mi>\n          </mrow>\n        </msub>\n        <mo fence=\"false\" stretchy=\"false\">?</mo>\n        <mspace width=\"1em\"></mspace>\n      </mstyle>\n    </mrow>\n    <annotation encoding=\"application/x-tex\">{\\displaystyle |x_{1},x_{2},\\cdots ,x_{n}\\rangle \\quad }</annotation>\n  </semantics>\n</math></span><img src=\"https://wikimedia.org/api/rest_v1/media/math/render/svg/b5247aaa27fc98c2308320ef99b1f0cfb48e56e2\" class=\"mwe-math-fallback-image-inline\" aria-hidden=\"true\" style=\"vertical-align: -0.838ex; width:17.402ex; height:2.843ex;\" alt=\"|x_{1},x_{2},\\cdots ,x_{n}\\rangle \\quad \"></span></dd></dl>\n<p>is a special  <i>n</i>-qubit corresponding to the function which maps this classical bit string to 1 and maps all other bit strings to 0; these 2<sup><i>n</i></sup> special <i>n</i>-qubits are called <i>computational basis states</i>. All <i>n</i>-qubits are complex linear combinations of these computational basis states.\n</p><p>Quantum logic gates, in contrast to classical logic gates, are \nalways reversible. One requires a special kind of reversible function, \nnamely a <a href=\"https://en.wikipedia.org/wiki/Unitarity_(physics)\" title=\"Unitarity (physics)\">unitary</a> mapping, that is, a linear transformation of a complex <a href=\"https://en.wikipedia.org/wiki/Inner_product_space\" title=\"Inner product space\">inner product space</a> that preserves the <a href=\"https://en.wikipedia.org/wiki/Hermitian_inner_product\" class=\"mw-redirect\" title=\"Hermitian inner product\">Hermitian inner product</a>.  An <i>n</i>-qubit (reversible) quantum gate is a <a href=\"https://en.wikipedia.org/wiki/Unitary_operators\" class=\"mw-redirect\" title=\"Unitary operators\">unitary mapping</a> <i>U</i> from the space  <i>H</i><sub>QB(<i>n</i>)</sub> of <i>n</i>-qubits onto itself.\n</p><p>Typically, we are only interested in gates for small values of <i>n</i>.\n</p><p>A reversible <i>n</i>-bit classical logic gate gives rise to a reversible <i>n</i>-bit quantum gate as follows:  to each reversible <i>n</i>-bit logic gate <i>f</i>  corresponds a quantum gate <i>W</i><sub><i>f</i></sub> defined as follows:\n</p>\n<dl><dd><span class=\"mwe-math-element\"><span class=\"mwe-math-mathml-inline mwe-math-mathml-a11y\" style=\"display: none;\"><math xmlns=\"http://www.w3.org/1998/Math/MathML\" alttext=\"{\\displaystyle W_{f}(|x_{1},x_{2},\\cdots ,x_{n}\\rangle )=|f(x_{1},x_{2},\\cdots ,x_{n})\\rangle .}\">\n  <semantics>\n    <mrow class=\"MJX-TeXAtom-ORD\">\n      <mstyle displaystyle=\"true\" scriptlevel=\"0\">\n        <msub>\n          <mi>W</mi>\n          <mrow class=\"MJX-TeXAtom-ORD\">\n            <mi>f</mi>\n          </mrow>\n        </msub>\n        <mo stretchy=\"false\">(</mo>\n        <mrow class=\"MJX-TeXAtom-ORD\">\n          <mo stretchy=\"false\">|</mo>\n        </mrow>\n        <msub>\n          <mi>x</mi>\n          <mrow class=\"MJX-TeXAtom-ORD\">\n            <mn>1</mn>\n          </mrow>\n        </msub>\n        <mo>,</mo>\n        <msub>\n          <mi>x</mi>\n          <mrow class=\"MJX-TeXAtom-ORD\">\n            <mn>2</mn>\n          </mrow>\n        </msub>\n        <mo>,</mo>\n        <mo>?</mo>\n        <mo>,</mo>\n        <msub>\n          <mi>x</mi>\n          <mrow class=\"MJX-TeXAtom-ORD\">\n            <mi>n</mi>\n          </mrow>\n        </msub>\n        <mo fence=\"false\" stretchy=\"false\">?</mo>\n        <mo stretchy=\"false\">)</mo>\n        <mo>=</mo>\n        <mrow class=\"MJX-TeXAtom-ORD\">\n          <mo stretchy=\"false\">|</mo>\n        </mrow>\n        <mi>f</mi>\n        <mo stretchy=\"false\">(</mo>\n        <msub>\n          <mi>x</mi>\n          <mrow class=\"MJX-TeXAtom-ORD\">\n            <mn>1</mn>\n          </mrow>\n        </msub>\n        <mo>,</mo>\n        <msub>\n          <mi>x</mi>\n          <mrow class=\"MJX-TeXAtom-ORD\">\n            <mn>2</mn>\n          </mrow>\n        </msub>\n        <mo>,</mo>\n        <mo>?</mo>\n        <mo>,</mo>\n        <msub>\n          <mi>x</mi>\n          <mrow class=\"MJX-TeXAtom-ORD\">\n            <mi>n</mi>\n          </mrow>\n        </msub>\n        <mo stretchy=\"false\">)</mo>\n        <mo fence=\"false\" stretchy=\"false\">?</mo>\n        <mo>.</mo>\n      </mstyle>\n    </mrow>\n    <annotation encoding=\"application/x-tex\">{\\displaystyle W_{f}(|x_{1},x_{2},\\cdots ,x_{n}\\rangle )=|f(x_{1},x_{2},\\cdots ,x_{n})\\rangle .}</annotation>\n  </semantics>\n</math></span><img src=\"https://wikimedia.org/api/rest_v1/media/math/render/svg/fc444e09ae99bdb54b3b4757b5af0915f5b59068\" class=\"mwe-math-fallback-image-inline\" aria-hidden=\"true\" style=\"vertical-align: -1.005ex; width:42.132ex; height:3.009ex;\" alt=\"W_{f}(|x_{1},x_{2},\\cdots ,x_{n}\\rangle )=|f(x_{1},x_{2},\\cdots ,x_{n})\\rangle .\"></span></dd></dl>\n<p>Note that <i>W</i><sub><i>f</i></sub> permutes the computational basis states.\n</p><p>Of particular importance is the controlled NOT gate (also called <a href=\"https://en.wikipedia.org/wiki/Controlled_NOT_gate\" title=\"Controlled NOT gate\">CNOT</a> gate) <i>W</i><sub>CNOT</sub> defined on a quantized 2 qubit.  Other examples of quantum logic gates derived from classical ones are the <a href=\"https://en.wikipedia.org/wiki/Toffoli_gate\" title=\"Toffoli gate\">Toffoli gate</a> and the <a href=\"https://en.wikipedia.org/wiki/Fredkin_gate\" title=\"Fredkin gate\">Fredkin gate</a>.\n</p><p>However, the Hilbert-space structure of the qubits permits many \nquantum gates that are not induced by classical ones. For example, a \nrelative phase shift is a 1 qubit gate given by multiplication by the \nunitary matrix:\n</p><p></p><p></p><p>Again, we consider first <i>reversible</i> classical computation.  Conceptually, there is no difference between a reversible <i>n</i>-bit  circuit and a reversible <i>n</i>-bit logic gate: either one is just an invertible function on the space of <i>n</i>\n bit data. However, as mentioned in the previous section, for \nengineering reasons we would like to have a small number of simple \nreversible gates, that can be put together to assemble any reversible \ncircuit.\n</p><p>To explain this assembly process, suppose we have a reversible <i>n</i>-bit gate <i>f</i> and  a reversible  <i>m</i>-bit gate <i>g</i>.  Putting them together means producing a new circuit by connecting some set of <i>k</i> outputs of <i>f</i> to some set of <i>k</i> inputs of <i>g</i> as in the figure below.  In that figure, <i>n</i>=5, <i>k</i>=3 and <i>m</i>=7. The resulting circuit is also reversible and operates on <i>n</i>+<i>m</i>?<i>k</i> bits.\n</p>\n<center>\n<p><a href=\"https://en.wikipedia.org/wiki/File:Reversible_circuit_composition.svg\" class=\"image\"><img alt=\"Reversible circuit composition.svg\" src=\"https://upload.wikimedia.org/wikipedia/commons/thumb/3/39/Reversible_circuit_composition.svg/175px-Reversible_circuit_composition.svg.png\" decoding=\"async\" srcset=\"//upload.wikimedia.org/wikipedia/commons/thumb/3/39/Reversible_circuit_composition.svg/263px-Reversible_circuit_composition.svg.png 1.5x, //upload.wikimedia.org/wikipedia/commons/thumb/3/39/Reversible_circuit_composition.svg/350px-Reversible_circuit_composition.svg.png 2x\" data-file-width=\"88\" data-file-height=\"133\" width=\"175\" height=\"264\"></a>\n</p>\n</center>\n<p>We will refer to this scheme as a <i>classical assemblage</i> (This \nconcept corresponds to a technical definition in Kitaev\'s pioneering \npaper cited below). In composing these reversible machines, it is \nimportant to ensure that the intermediate machines are also reversible. \n This condition assures that  <i>intermediate</i> \"garbage\" is not \ncreated (the net physical effect would be to increase entropy, which is \none of the motivations for going through  this exercise).\n</p><p>Now it is possible to show that the <a href=\"https://en.wikipedia.org/wiki/Toffoli_gate\" title=\"Toffoli gate\">Toffoli gate</a> is a <a href=\"https://en.wikipedia.org/wiki/Quantum_gate\" class=\"mw-redirect\" title=\"Quantum gate\">universal gate</a>. This means that given any reversible classical <i>n</i>-bit circuit <i>h</i>, we can construct a classical assemblage of Toffoli gates in the above manner to produce an  (<i>n</i>+<i>m</i>)-bit circuit <i>f</i> such that\n</p>\n<dl><dd><span class=\"mwe-math-element\"><span class=\"mwe-math-mathml-inline mwe-math-mathml-a11y\" style=\"display: none;\"><math xmlns=\"http://www.w3.org/1998/Math/MathML\" alttext=\"{\\displaystyle f(x_{1},\\ldots ,x_{n},\\underbrace {0,\\dots ,0} )=(y_{1},\\ldots ,y_{n},\\underbrace {0,\\ldots ,0} )}\">\n  <semantics>\n    <mrow class=\"MJX-TeXAtom-ORD\">\n      <mstyle displaystyle=\"true\" scriptlevel=\"0\">\n        <mi>f</mi>\n        <mo stretchy=\"false\">(</mo>\n        <msub>\n          <mi>x</mi>\n          <mrow class=\"MJX-TeXAtom-ORD\">\n            <mn>1</mn>\n          </mrow>\n        </msub>\n        <mo>,</mo>\n        <mo>…</mo>\n        <mo>,</mo>\n        <msub>\n          <mi>x</mi>\n          <mrow class=\"MJX-TeXAtom-ORD\">\n            <mi>n</mi>\n          </mrow>\n        </msub>\n        <mo>,</mo>\n        <mrow class=\"MJX-TeXAtom-OP MJX-fixedlimits\">\n          <munder>\n            <mrow>\n              <mn>0</mn>\n              <mo>,</mo>\n              <mo>…</mo>\n              <mo>,</mo>\n              <mn>0</mn>\n            </mrow>\n            <mo>?</mo>\n          </munder>\n        </mrow>\n        <mo stretchy=\"false\">)</mo>\n        <mo>=</mo>\n        <mo stretchy=\"false\">(</mo>\n        <msub>\n          <mi>y</mi>\n          <mrow class=\"MJX-TeXAtom-ORD\">\n            <mn>1</mn>\n          </mrow>\n        </msub>\n        <mo>,</mo>\n        <mo>…</mo>\n        <mo>,</mo>\n        <msub>\n          <mi>y</mi>\n          <mrow class=\"MJX-TeXAtom-ORD\">\n            <mi>n</mi>\n          </mrow>\n        </msub>\n        <mo>,</mo>\n        <mrow class=\"MJX-TeXAtom-OP MJX-fixedlimits\">\n          <munder>\n            <mrow>\n              <mn>0</mn>\n              <mo>,</mo>\n              <mo>…</mo>\n              <mo>,</mo>\n              <mn>0</mn>\n            </mrow>\n            <mo>?</mo>\n          </munder>\n        </mrow>\n        <mo stretchy=\"false\">)</mo>\n      </mstyle>\n    </mrow>\n    <annotation encoding=\"application/x-tex\">{\\displaystyle f(x_{1},\\ldots ,x_{n},\\underbrace {0,\\dots ,0} )=(y_{1},\\ldots ,y_{n},\\underbrace {0,\\ldots ,0} )}</annotation>\n  </semantics>\n</math></span><img src=\"https://wikimedia.org/api/rest_v1/media/math/render/svg/108ba146de6775b00ad6e1e58a95c553d8983240\" class=\"mwe-math-fallback-image-inline\" aria-hidden=\"true\" style=\"vertical-align: -2.338ex; width:44.909ex; height:4.343ex;\" alt=\"f(x_{1},\\ldots ,x_{n},\\underbrace {0,\\dots ,0} )=(y_{1},\\ldots ,y_{n},\\underbrace {0,\\ldots ,0} )\"></span></dd></dl>\n<p>where there are <i>m</i> underbraced zeroed inputs and \n</p>\n<dl><dd><span class=\"mwe-math-element\"><span class=\"mwe-math-mathml-inline mwe-math-mathml-a11y\" style=\"display: none;\"><math xmlns=\"http://www.w3.org/1998/Math/MathML\" alttext=\"{\\displaystyle (y_{1},\\ldots ,y_{n})=h(x_{1},\\ldots ,x_{n})}\">\n  <semantics>\n    <mrow class=\"MJX-TeXAtom-ORD\">\n      <mstyle displaystyle=\"true\" scriptlevel=\"0\">\n        <mo stretchy=\"false\">(</mo>\n        <msub>\n          <mi>y</mi>\n          <mrow class=\"MJX-TeXAtom-ORD\">\n            <mn>1</mn>\n          </mrow>\n        </msub>\n        <mo>,</mo>\n        <mo>…</mo>\n        <mo>,</mo>\n        <msub>\n          <mi>y</mi>\n          <mrow class=\"MJX-TeXAtom-ORD\">\n            <mi>n</mi>\n          </mrow>\n        </msub>\n        <mo stretchy=\"false\">)</mo>\n        <mo>=</mo>\n        <mi>h</mi>\n        <mo stretchy=\"false\">(</mo>\n        <msub>\n          <mi>x</mi>\n          <mrow class=\"MJX-TeXAtom-ORD\">\n            <mn>1</mn>\n          </mrow>\n        </msub>\n        <mo>,</mo>\n        <mo>…</mo>\n        <mo>,</mo>\n        <msub>\n          <mi>x</mi>\n          <mrow class=\"MJX-TeXAtom-ORD\">\n            <mi>n</mi>\n          </mrow>\n        </msub>\n        <mo stretchy=\"false\">)</mo>\n      </mstyle>\n    </mrow>\n    <annotation encoding=\"application/x-tex\">{\\displaystyle (y_{1},\\ldots ,y_{n})=h(x_{1},\\ldots ,x_{n})}</annotation>\n  </semantics>\n</math></span><img src=\"https://wikimedia.org/api/rest_v1/media/math/render/svg/0438e6482a035cc1c2c36a3ba721a35861a14278\" class=\"mwe-math-fallback-image-inline\" aria-hidden=\"true\" style=\"vertical-align: -0.838ex; width:27.896ex; height:2.843ex;\" alt=\"(y_{1},\\ldots ,y_{n})=h(x_{1},\\ldots ,x_{n})\"></span>.</dd></dl>\n<p>Notice that the end result always has a string of <i>m</i> zeros as the <a href=\"https://en.wikipedia.org/wiki/Ancilla_(quantum_computing)\" class=\"mw-redirect\" title=\"Ancilla (quantum computing)\">ancilla</a>\n bits. No \"rubbish\" is ever produced, and so this computation is indeed \none that, in a physical sense, generates no entropy.  This issue is \ncarefully discussed in Kitaev\'s article.\n</p><p>More generally, any function <i>f</i> (bijective or not) can be simulated by a circuit of Toffoli gates. Obviously, if the mapping fails to be <a href=\"https://en.wikipedia.org/wiki/Injective\" class=\"mw-redirect\" title=\"Injective\">injective</a>, at some point in the simulation (for example as the last step) some \"garbage\" has to be produced.\n</p><p>For quantum circuits a similar composition of qubit gates can be defined.  That is, associated to any <i>classical assemblage</i> as above, we can produce a reversible quantum circuit when in place of <i>f</i> we have an <i>n</i>-qubit gate <i>U</i> and in place of <i>g</i> we have an <i>m</i>-qubit gate <i>W</i>. See illustration below:\n</p>\n<center>\n<p><a href=\"https://en.wikipedia.org/wiki/File:Quantum_circuit_composition.svg\" class=\"image\"><img alt=\"Quantum circuit composition.svg\" src=\"https://upload.wikimedia.org/wikipedia/commons/thumb/2/2d/Quantum_circuit_composition.svg/300px-Quantum_circuit_composition.svg.png\" decoding=\"async\" srcset=\"//upload.wikimedia.org/wikipedia/commons/thumb/2/2d/Quantum_circuit_composition.svg/450px-Quantum_circuit_composition.svg.png 1.5x, //upload.wikimedia.org/wikipedia/commons/thumb/2/2d/Quantum_circuit_composition.svg/600px-Quantum_circuit_composition.svg.png 2x\" data-file-width=\"198\" data-file-height=\"159\" width=\"300\" height=\"241\"></a>\n</p>\n</center>\n<p>The fact that connecting gates this way gives rise to a unitary mapping on <i>n</i>+<i>m</i>?<i>k</i>\n qubit space is easy to check. It should also be noted that in a real \nquantum computer the physical connection between the gates is a major \nengineering challenge, since it is one of the places where <a href=\"https://en.wikipedia.org/wiki/Decoherence\" class=\"mw-redirect\" title=\"Decoherence\">decoherence</a> may occur.\n</p><p>There are also <a href=\"https://en.wikipedia.org/wiki/Quantum_gate#Universal_quantum_gates\" class=\"mw-redirect\" title=\"Quantum gate\">universality theorems</a>\n for certain sets of well-known gates; such a universality theorem \nexists, for instance, for the pair consisting of the single qubit phase \ngate <i>U</i><sub>?</sub> mentioned above (for a suitable value of ?), together with the 2-qubit <a href=\"https://en.wikipedia.org/wiki/Controlled_NOT_gate\" title=\"Controlled NOT gate\">CNOT gate</a> <i>W</i><sub>CNOT</sub>.\n However, the universality theorem for the quantum case is somewhat \nweaker than the one for the classical case; it asserts only that any \nreversible <i>n</i>-qubit circuit can be <i>approximated</i> arbitrarily well by circuits assembled from these two elementary gates. Note that there are <a href=\"https://en.wikipedia.org/wiki/Uncountable\" class=\"mw-redirect\" title=\"Uncountable\">uncountably</a>\n many possible single qubit phase gates, one for every possible angle ?,\n so they cannot all be represented by a finite circuit constructed from {<i>U</i><sub>?</sub>, <i>W</i><sub>CNOT</sub>)}.\n</p><p></p><p>So far we have not shown how quantum circuits are used to perform \ncomputations.  Since many important numerical problems reduce to \ncomputing a unitary transformation <i>U</i> on a finite-dimensional space (the celebrated <a href=\"https://en.wikipedia.org/wiki/Discrete_Fourier_transform\" title=\"Discrete Fourier transform\">discrete Fourier transform</a> \nbeing a prime example), one might expect that some quantum circuit could be designed to carry out the transformation <i>U</i>. In principle, one needs only to prepare an <i>n</i> qubit state ? as an appropriate superposition of computational basis states for the input and measure the output <i>U</i>?.  Unfortunately, there are two problems with this:\n</p>\n<ul><li>One cannot measure the phase of ? at any computational basis \nstate so there is no way of reading out the complete answer. This is in \nthe nature of <a href=\"https://en.wikipedia.org/wiki/Measurement_in_quantum_mechanics\" title=\"Measurement in quantum mechanics\">measurement in quantum mechanics</a>.</li>\n<li>There is no way to efficiently prepare the input state ?.</li></ul>\n<p>This does not prevent quantum circuits for the discrete Fourier \ntransform from being used as intermediate steps in other quantum \ncircuits, but the use is more subtle.  In fact quantum computations are <i>probabilistic</i>.\n</p><p>We now provide a mathematical model for how quantum circuits can simulate\n<i>probabilistic</i> but classical computations.  Consider an <i>r</i>-qubit circuit <i>U</i> with\nregister space <i>H</i><sub>QB(<i>r</i>)</sub>. <i>U</i> is thus a unitary map\n</p>\n<dl><dd><span class=\"mwe-math-element\"><span class=\"mwe-math-mathml-inline mwe-math-mathml-a11y\" style=\"display: none;\"><math xmlns=\"http://www.w3.org/1998/Math/MathML\" alttext=\"{\\displaystyle H_{\\operatorname {QB} (r)}\\rightarrow H_{\\operatorname {QB} (r)}.}\">\n  <semantics>\n    <mrow class=\"MJX-TeXAtom-ORD\">\n      <mstyle displaystyle=\"true\" scriptlevel=\"0\">\n        <msub>\n          <mi>H</mi>\n          <mrow class=\"MJX-TeXAtom-ORD\">\n            <mi>QB</mi>\n            <mo>?</mo>\n            <mo stretchy=\"false\">(</mo>\n            <mi>r</mi>\n            <mo stretchy=\"false\">)</mo>\n          </mrow>\n        </msub>\n        <mo stretchy=\"false\">?</mo>\n        <msub>\n          <mi>H</mi>\n          <mrow class=\"MJX-TeXAtom-ORD\">\n            <mi>QB</mi>\n            <mo>?</mo>\n            <mo stretchy=\"false\">(</mo>\n            <mi>r</mi>\n            <mo stretchy=\"false\">)</mo>\n          </mrow>\n        </msub>\n        <mo>.</mo>\n      </mstyle>\n    </mrow>\n    <annotation encoding=\"application/x-tex\">{\\displaystyle H_{\\operatorname {QB} (r)}\\rightarrow H_{\\operatorname {QB} (r)}.}</annotation>\n  </semantics>\n</math></span><img src=\"https://wikimedia.org/api/rest_v1/media/math/render/svg/5d5bd366dd1f06d9a3fc8b9cc32649844afbcaba\" class=\"mwe-math-fallback-image-inline\" aria-hidden=\"true\" style=\"vertical-align: -1.171ex; width:17.514ex; height:3.009ex;\" alt=\"H_{\\operatorname {QB} (r)}\\rightarrow H_{\\operatorname {QB} (r)}.\"></span></dd></dl>\n<p>In order to associate this circuit to a classical mapping on bitstrings, we specify\n</p>\n<ul><li>An <i>input register</i> <i>X</i> = {0,1}<sup><i>m</i></sup> of <i>m</i> (classical) bits.</li>\n<li>An <i>output register</i> <i>Y</i> = {0,1}<sup><i>n</i></sup> of <i>n</i> (classical) bits.</li></ul>\n<p>The contents <i>x</i> = <i>x</i><sub>1</sub>, ..., <i>x</i><sub><i>m</i></sub> of\nthe classical input register are used to initialize the qubit\nregister in some way.  Ideally, this would be done with the computational basis\nstate \n</p>\n<dl><dd><span class=\"mwe-math-element\"><span class=\"mwe-math-mathml-inline mwe-math-mathml-a11y\" style=\"display: none;\"><math xmlns=\"http://www.w3.org/1998/Math/MathML\" alttext=\"{\\displaystyle |{\\vec {x}},0\\rangle =|x_{1},x_{2},\\cdots ,x_{m},\\underbrace {0,\\dots ,0} \\rangle ,}\">\n  <semantics>\n    <mrow class=\"MJX-TeXAtom-ORD\">\n      <mstyle displaystyle=\"true\" scriptlevel=\"0\">\n        <mrow class=\"MJX-TeXAtom-ORD\">\n          <mo stretchy=\"false\">|</mo>\n        </mrow>\n        <mrow class=\"MJX-TeXAtom-ORD\">\n          <mrow class=\"MJX-TeXAtom-ORD\">\n            <mover>\n              <mi>x</mi>\n              <mo stretchy=\"false\">?</mo>\n            </mover>\n          </mrow>\n        </mrow>\n        <mo>,</mo>\n        <mn>0</mn>\n        <mo fence=\"false\" stretchy=\"false\">?</mo>\n        <mo>=</mo>\n        <mrow class=\"MJX-TeXAtom-ORD\">\n          <mo stretchy=\"false\">|</mo>\n        </mrow>\n        <msub>\n          <mi>x</mi>\n          <mrow class=\"MJX-TeXAtom-ORD\">\n            <mn>1</mn>\n          </mrow>\n        </msub>\n        <mo>,</mo>\n        <msub>\n          <mi>x</mi>\n          <mrow class=\"MJX-TeXAtom-ORD\">\n            <mn>2</mn>\n          </mrow>\n        </msub>\n        <mo>,</mo>\n        <mo>?</mo>\n        <mo>,</mo>\n        <msub>\n          <mi>x</mi>\n          <mrow class=\"MJX-TeXAtom-ORD\">\n            <mi>m</mi>\n          </mrow>\n        </msub>\n        <mo>,</mo>\n        <mrow class=\"MJX-TeXAtom-OP MJX-fixedlimits\">\n          <munder>\n            <mrow>\n              <mn>0</mn>\n              <mo>,</mo>\n              <mo>…</mo>\n              <mo>,</mo>\n              <mn>0</mn>\n            </mrow>\n            <mo>?</mo>\n          </munder>\n        </mrow>\n        <mo fence=\"false\" stretchy=\"false\">?</mo>\n        <mo>,</mo>\n      </mstyle>\n    </mrow>\n    <annotation encoding=\"application/x-tex\">{\\displaystyle |{\\vec {x}},0\\rangle =|x_{1},x_{2},\\cdots ,x_{m},\\underbrace {0,\\dots ,0} \\rangle ,}</annotation>\n  </semantics>\n</math></span><img src=\"https://wikimedia.org/api/rest_v1/media/math/render/svg/20eaf70ebd8a9a24ca0281be5cffede42b4feccb\" class=\"mwe-math-fallback-image-inline\" aria-hidden=\"true\" style=\"vertical-align: -2.338ex; width:32.896ex; height:4.343ex;\" alt=\"|{\\vec {x}},0\\rangle =|x_{1},x_{2},\\cdots ,x_{m},\\underbrace {0,\\dots ,0} \\rangle ,\"></span></dd></dl>\n<p>where there are <i>r</i>-<i>m</i> underbraced zeroed inputs.  Nevertheless,\nthis perfect initialization is completely unrealistic.  Let us assume\ntherefore that the initialization is a mixed state given by some density operator <i>S</i> which is near the idealized input in some appropriate metric, e.g.\n</p>\n<dl><dd><span class=\"mwe-math-element\"><span class=\"mwe-math-mathml-inline mwe-math-mathml-a11y\" style=\"display: none;\"><math xmlns=\"http://www.w3.org/1998/Math/MathML\" alttext=\"{\\displaystyle \\operatorname {Tr} \\left({\\big |}|{\\vec {x}},0\\rangle \\langle {\\vec {x}},0|-S{\\big |}\\right)\\leq \\delta .}\">\n  <semantics>\n    <mrow class=\"MJX-TeXAtom-ORD\">\n      <mstyle displaystyle=\"true\" scriptlevel=\"0\">\n        <mi>Tr</mi>\n        <mo>?</mo>\n        <mrow>\n          <mo>(</mo>\n          <mrow>\n            <mrow class=\"MJX-TeXAtom-ORD\">\n              <mrow class=\"MJX-TeXAtom-ORD\">\n                <mo maxsize=\"1.2em\" minsize=\"1.2em\">|</mo>\n              </mrow>\n            </mrow>\n            <mrow class=\"MJX-TeXAtom-ORD\">\n              <mo stretchy=\"false\">|</mo>\n            </mrow>\n            <mrow class=\"MJX-TeXAtom-ORD\">\n              <mrow class=\"MJX-TeXAtom-ORD\">\n                <mover>\n                  <mi>x</mi>\n                  <mo stretchy=\"false\">?</mo>\n                </mover>\n              </mrow>\n            </mrow>\n            <mo>,</mo>\n            <mn>0</mn>\n            <mo fence=\"false\" stretchy=\"false\">?</mo>\n            <mo fence=\"false\" stretchy=\"false\">?</mo>\n            <mrow class=\"MJX-TeXAtom-ORD\">\n              <mrow class=\"MJX-TeXAtom-ORD\">\n                <mover>\n                  <mi>x</mi>\n                  <mo stretchy=\"false\">?</mo>\n                </mover>\n              </mrow>\n            </mrow>\n            <mo>,</mo>\n            <mn>0</mn>\n            <mrow class=\"MJX-TeXAtom-ORD\">\n              <mo stretchy=\"false\">|</mo>\n            </mrow>\n            <mo>?</mo>\n            <mi>S</mi>\n            <mrow class=\"MJX-TeXAtom-ORD\">\n              <mrow class=\"MJX-TeXAtom-ORD\">\n                <mo maxsize=\"1.2em\" minsize=\"1.2em\">|</mo>\n              </mrow>\n            </mrow>\n          </mrow>\n          <mo>)</mo>\n        </mrow>\n        <mo>?</mo>\n        <mi>?</mi>\n        <mo>.</mo>\n      </mstyle>\n    </mrow>\n    <annotation encoding=\"application/x-tex\">{\\displaystyle \\operatorname {Tr} \\left({\\big |}|{\\vec {x}},0\\rangle \\langle {\\vec {x}},0|-S{\\big |}\\right)\\leq \\delta .}</annotation>\n  </semantics>\n</math></span><img src=\"https://wikimedia.org/api/rest_v1/media/math/render/svg/3cf4a20aa6d1ede3585387e375c65d2b117043e2\" class=\"mwe-math-fallback-image-inline\" aria-hidden=\"true\" style=\"vertical-align: -1.005ex; width:25.302ex; height:3.176ex;\" alt=\"\\operatorname {Tr} \\left({\\big |}|{\\vec {x}},0\\rangle \\langle {\\vec {x}},0|-S{\\big |}\\right)\\leq \\delta .\"></span></dd></dl>\n<p>Similarly, the output register space is related to the qubit register, by a <i>Y</i>\nvalued observable <i>A</i>. Note that observables in quantum mechanics are usually defined in\nterms of <i>projection valued measures</i> on <b>R</b>; if the variable\nhappens to be discrete, the projection valued measure reduces to a\nfamily {E<sub>?</sub>} indexed on some parameter ?\nranging over a countable set.  Similarly, a <i>Y</i> valued observable,\ncan be associated with a family of pairwise orthogonal projections\n{E<sub><i>y</i></sub>} indexed by elements of <i>Y</i>.  such that\n</p>\n<dl><dd><span class=\"mwe-math-element\"><span class=\"mwe-math-mathml-inline mwe-math-mathml-a11y\" style=\"display: none;\"><math xmlns=\"http://www.w3.org/1998/Math/MathML\" alttext=\"{\\displaystyle I=\\sum _{y\\in Y}\\operatorname {E} _{y}.}\">\n  <semantics>\n    <mrow class=\"MJX-TeXAtom-ORD\">\n      <mstyle displaystyle=\"true\" scriptlevel=\"0\">\n        <mi>I</mi>\n        <mo>=</mo>\n        <munder>\n          <mo>?</mo>\n          <mrow class=\"MJX-TeXAtom-ORD\">\n            <mi>y</mi>\n            <mo>?</mo>\n            <mi>Y</mi>\n          </mrow>\n        </munder>\n        <msub>\n          <mi mathvariant=\"normal\">E</mi>\n          <mrow class=\"MJX-TeXAtom-ORD\">\n            <mi>y</mi>\n          </mrow>\n        </msub>\n        <mo>.</mo>\n      </mstyle>\n    </mrow>\n    <annotation encoding=\"application/x-tex\">{\\displaystyle I=\\sum _{y\\in Y}\\operatorname {E} _{y}.}</annotation>\n  </semantics>\n</math></span><img src=\"https://wikimedia.org/api/rest_v1/media/math/render/svg/72dba83dd6d30a057509c19e1e307ff856886908\" class=\"mwe-math-fallback-image-inline\" aria-hidden=\"true\" style=\"vertical-align: -3.338ex; width:11.291ex; height:5.843ex;\" alt=\"I=\\sum _{y\\in Y}\\operatorname {E} _{y}.\"></span></dd></dl>\n<p>Given a mixed state <i>S</i>, there corresponds a probability measure on <i>Y</i>\ngiven by \n</p>\n<dl><dd><span class=\"mwe-math-element\"><span class=\"mwe-math-mathml-inline mwe-math-mathml-a11y\" style=\"display: none;\"><math xmlns=\"http://www.w3.org/1998/Math/MathML\" alttext=\"{\\displaystyle \\operatorname {Pr} \\{y\\}=\\operatorname {Tr} (S\\operatorname {E} _{y}).}\">\n  <semantics>\n    <mrow class=\"MJX-TeXAtom-ORD\">\n      <mstyle displaystyle=\"true\" scriptlevel=\"0\">\n        <mi>Pr</mi>\n        <mo>?</mo>\n        <mo fence=\"false\" stretchy=\"false\">{</mo>\n        <mi>y</mi>\n        <mo fence=\"false\" stretchy=\"false\">}</mo>\n        <mo>=</mo>\n        <mi>Tr</mi>\n        <mo>?</mo>\n        <mo stretchy=\"false\">(</mo>\n        <mi>S</mi>\n        <msub>\n          <mi mathvariant=\"normal\">E</mi>\n          <mrow class=\"MJX-TeXAtom-ORD\">\n            <mi>y</mi>\n          </mrow>\n        </msub>\n        <mo stretchy=\"false\">)</mo>\n        <mo>.</mo>\n      </mstyle>\n    </mrow>\n    <annotation encoding=\"application/x-tex\">{\\displaystyle \\operatorname {Pr} \\{y\\}=\\operatorname {Tr} (S\\operatorname {E} _{y}).}</annotation>\n  </semantics>\n</math></span><img src=\"https://wikimedia.org/api/rest_v1/media/math/render/svg/29f3214239c5b670b9b2533ef6582f7f19c97504\" class=\"mwe-math-fallback-image-inline\" aria-hidden=\"true\" style=\"vertical-align: -1.005ex; width:18.638ex; height:3.009ex;\" alt=\"\\operatorname {Pr} \\{y\\}=\\operatorname {Tr} (S\\operatorname {E} _{y}).\"></span></dd></dl>\n<p>The function <i>F</i>:<i>X</i> ? <i>Y</i> is computed by a circuit\n<i>U</i>:<i>H</i><sub>QB(<i>r</i>)</sub> ? <i>H</i><sub>QB(<i>r</i>)</sub> to within ? if and only if\nfor all bitstrings <i>x</i> of length <i>m</i>\n</p>\n<dl><dd><span class=\"mwe-math-element\"><span class=\"mwe-math-mathml-inline mwe-math-mathml-a11y\" style=\"display: none;\"><math xmlns=\"http://www.w3.org/1998/Math/MathML\" alttext=\"{\\displaystyle \\left\\langle {\\vec {x}},0{\\big |}U^{*}\\operatorname {E} _{F(x)}U{\\big |}{\\vec {x}},0\\right\\rangle =\\left\\langle \\operatorname {E} _{F(x)}U(|{\\vec {x}},0\\rangle ){\\big |}U(|{\\vec {x}},0\\rangle )\\right\\rangle \\geq 1-\\epsilon .}\">\n  <semantics>\n    <mrow class=\"MJX-TeXAtom-ORD\">\n      <mstyle displaystyle=\"true\" scriptlevel=\"0\">\n        <mrow>\n          <mo>?</mo>\n          <mrow>\n            <mrow class=\"MJX-TeXAtom-ORD\">\n              <mrow class=\"MJX-TeXAtom-ORD\">\n                <mover>\n                  <mi>x</mi>\n                  <mo stretchy=\"false\">?</mo>\n                </mover>\n              </mrow>\n            </mrow>\n            <mo>,</mo>\n            <mn>0</mn>\n            <mrow class=\"MJX-TeXAtom-ORD\">\n              <mrow class=\"MJX-TeXAtom-ORD\">\n                <mo maxsize=\"1.2em\" minsize=\"1.2em\">|</mo>\n              </mrow>\n            </mrow>\n            <msup>\n              <mi>U</mi>\n              <mrow class=\"MJX-TeXAtom-ORD\">\n                <mo>?</mo>\n              </mrow>\n            </msup>\n            <msub>\n              <mi mathvariant=\"normal\">E</mi>\n              <mrow class=\"MJX-TeXAtom-ORD\">\n                <mi>F</mi>\n                <mo stretchy=\"false\">(</mo>\n                <mi>x</mi>\n                <mo stretchy=\"false\">)</mo>\n              </mrow>\n            </msub>\n            <mo>?</mo>\n            <mi>U</mi>\n            <mrow class=\"MJX-TeXAtom-ORD\">\n              <mrow class=\"MJX-TeXAtom-ORD\">\n                <mo maxsize=\"1.2em\" minsize=\"1.2em\">|</mo>\n              </mrow>\n            </mrow>\n            <mrow class=\"MJX-TeXAtom-ORD\">\n              <mrow class=\"MJX-TeXAtom-ORD\">\n                <mover>\n                  <mi>x</mi>\n                  <mo stretchy=\"false\">?</mo>\n                </mover>\n              </mrow>\n            </mrow>\n            <mo>,</mo>\n            <mn>0</mn>\n          </mrow>\n          <mo>?</mo>\n        </mrow>\n        <mo>=</mo>\n        <mrow>\n          <mo>?</mo>\n          <mrow>\n            <msub>\n              <mi mathvariant=\"normal\">E</mi>\n              <mrow class=\"MJX-TeXAtom-ORD\">\n                <mi>F</mi>\n                <mo stretchy=\"false\">(</mo>\n                <mi>x</mi>\n                <mo stretchy=\"false\">)</mo>\n              </mrow>\n            </msub>\n            <mo>?</mo>\n            <mi>U</mi>\n            <mo stretchy=\"false\">(</mo>\n            <mrow class=\"MJX-TeXAtom-ORD\">\n              <mo stretchy=\"false\">|</mo>\n            </mrow>\n            <mrow class=\"MJX-TeXAtom-ORD\">\n              <mrow class=\"MJX-TeXAtom-ORD\">\n                <mover>\n                  <mi>x</mi>\n                  <mo stretchy=\"false\">?</mo>\n                </mover>\n              </mrow>\n            </mrow>\n            <mo>,</mo>\n            <mn>0</mn>\n            <mo fence=\"false\" stretchy=\"false\">?</mo>\n            <mo stretchy=\"false\">)</mo>\n            <mrow class=\"MJX-TeXAtom-ORD\">\n              <mrow class=\"MJX-TeXAtom-ORD\">\n                <mo maxsize=\"1.2em\" minsize=\"1.2em\">|</mo>\n              </mrow>\n            </mrow>\n            <mi>U</mi>\n            <mo stretchy=\"false\">(</mo>\n            <mrow class=\"MJX-TeXAtom-ORD\">\n              <mo stretchy=\"false\">|</mo>\n            </mrow>\n            <mrow class=\"MJX-TeXAtom-ORD\">\n              <mrow class=\"MJX-TeXAtom-ORD\">\n                <mover>\n                  <mi>x</mi>\n                  <mo stretchy=\"false\">?</mo>\n                </mover>\n              </mrow>\n            </mrow>\n            <mo>,</mo>\n            <mn>0</mn>\n            <mo fence=\"false\" stretchy=\"false\">?</mo>\n            <mo stretchy=\"false\">)</mo>\n          </mrow>\n          <mo>?</mo>\n        </mrow>\n        <mo>?</mo>\n        <mn>1</mn>\n        <mo>?</mo>\n        <mi>?</mi>\n        <mo>.</mo>\n      </mstyle>\n    </mrow>\n    <annotation encoding=\"application/x-tex\">{\\displaystyle \\left\\langle\n {\\vec {x}},0{\\big |}U^{*}\\operatorname {E} _{F(x)}U{\\big |}{\\vec \n{x}},0\\right\\rangle =\\left\\langle \\operatorname {E} _{F(x)}U(|{\\vec \n{x}},0\\rangle ){\\big |}U(|{\\vec {x}},0\\rangle )\\right\\rangle \\geq \n1-\\epsilon .}</annotation>\n  </semantics>\n</math></span><img src=\"https://wikimedia.org/api/rest_v1/media/math/render/svg/36211e739317c621b67ab9a8bdeba231edbe29ba\" class=\"mwe-math-fallback-image-inline\" aria-hidden=\"true\" style=\"vertical-align: -1.171ex; width:58.883ex; height:3.343ex;\" alt=\"\\left\\langle {\\vec {x}},0{\\big |}U^{*}\\operatorname {E} _{F(x)}U{\\big |}{\\vec {x}},0\\right\\rangle =\\left\\langle \\operatorname {E} _{F(x)}U(|{\\vec {x}},0\\rangle ){\\big |}U(|{\\vec {x}},0\\rangle )\\right\\rangle \\geq 1-\\epsilon .\"></span></dd></dl>\n<p>Now \n</p>\n<dl><dd><span class=\"mwe-math-element\"><span class=\"mwe-math-mathml-inline mwe-math-mathml-a11y\" style=\"display: none;\"><math xmlns=\"http://www.w3.org/1998/Math/MathML\" alttext=\"{\\displaystyle \\left|\\operatorname {Tr} (SU^{*}\\operatorname {E} _{F(x)}U)-\\left\\langle {\\vec {x}},0{\\big |}U^{*}\\operatorname {E} _{F(x)}U{\\big |}{\\vec {x}},0\\right\\rangle \\right|\\leq \\operatorname {Tr} ({\\big |}|{\\vec {x}},0\\rangle \\langle {\\vec {x}},0|-S{\\big |})\\|U^{*}\\operatorname {E} _{F(x)}U\\|\\leq \\delta }\">\n  <semantics>\n    <mrow class=\"MJX-TeXAtom-ORD\">\n      <mstyle displaystyle=\"true\" scriptlevel=\"0\">\n        <mrow>\n          <mo>|</mo>\n          <mrow>\n            <mi>Tr</mi>\n            <mo>?</mo>\n            <mo stretchy=\"false\">(</mo>\n            <mi>S</mi>\n            <msup>\n              <mi>U</mi>\n              <mrow class=\"MJX-TeXAtom-ORD\">\n                <mo>?</mo>\n              </mrow>\n            </msup>\n            <msub>\n              <mi mathvariant=\"normal\">E</mi>\n              <mrow class=\"MJX-TeXAtom-ORD\">\n                <mi>F</mi>\n                <mo stretchy=\"false\">(</mo>\n                <mi>x</mi>\n                <mo stretchy=\"false\">)</mo>\n              </mrow>\n            </msub>\n            <mo>?</mo>\n            <mi>U</mi>\n            <mo stretchy=\"false\">)</mo>\n            <mo>?</mo>\n            <mrow>\n              <mo>?</mo>\n              <mrow>\n                <mrow class=\"MJX-TeXAtom-ORD\">\n                  <mrow class=\"MJX-TeXAtom-ORD\">\n                    <mover>\n                      <mi>x</mi>\n                      <mo stretchy=\"false\">?</mo>\n                    </mover>\n                  </mrow>\n                </mrow>\n                <mo>,</mo>\n                <mn>0</mn>\n                <mrow class=\"MJX-TeXAtom-ORD\">\n                  <mrow class=\"MJX-TeXAtom-ORD\">\n                    <mo maxsize=\"1.2em\" minsize=\"1.2em\">|</mo>\n                  </mrow>\n                </mrow>\n                <msup>\n                  <mi>U</mi>\n                  <mrow class=\"MJX-TeXAtom-ORD\">\n                    <mo>?</mo>\n                  </mrow>\n                </msup>\n                <msub>\n                  <mi mathvariant=\"normal\">E</mi>\n                  <mrow class=\"MJX-TeXAtom-ORD\">\n                    <mi>F</mi>\n                    <mo stretchy=\"false\">(</mo>\n                    <mi>x</mi>\n                    <mo stretchy=\"false\">)</mo>\n                  </mrow>\n                </msub>\n                <mo>?</mo>\n                <mi>U</mi>\n                <mrow class=\"MJX-TeXAtom-ORD\">\n                  <mrow class=\"MJX-TeXAtom-ORD\">\n                    <mo maxsize=\"1.2em\" minsize=\"1.2em\">|</mo>\n                  </mrow>\n                </mrow>\n                <mrow class=\"MJX-TeXAtom-ORD\">\n                  <mrow class=\"MJX-TeXAtom-ORD\">\n                    <mover>\n                      <mi>x</mi>\n                      <mo stretchy=\"false\">?</mo>\n                    </mover>\n                  </mrow>\n                </mrow>\n                <mo>,</mo>\n                <mn>0</mn>\n              </mrow>\n              <mo>?</mo>\n            </mrow>\n          </mrow>\n          <mo>|</mo>\n        </mrow>\n        <mo>?</mo>\n        <mi>Tr</mi>\n        <mo>?</mo>\n        <mo stretchy=\"false\">(</mo>\n        <mrow class=\"MJX-TeXAtom-ORD\">\n          <mrow class=\"MJX-TeXAtom-ORD\">\n            <mo maxsize=\"1.2em\" minsize=\"1.2em\">|</mo>\n          </mrow>\n        </mrow>\n        <mrow class=\"MJX-TeXAtom-ORD\">\n          <mo stretchy=\"false\">|</mo>\n        </mrow>\n        <mrow class=\"MJX-TeXAtom-ORD\">\n          <mrow class=\"MJX-TeXAtom-ORD\">\n            <mover>\n              <mi>x</mi>\n              <mo stretchy=\"false\">?</mo>\n            </mover>\n          </mrow>\n        </mrow>\n        <mo>,</mo>\n        <mn>0</mn>\n        <mo fence=\"false\" stretchy=\"false\">?</mo>\n        <mo fence=\"false\" stretchy=\"false\">?</mo>\n        <mrow class=\"MJX-TeXAtom-ORD\">\n          <mrow class=\"MJX-TeXAtom-ORD\">\n            <mover>\n              <mi>x</mi>\n              <mo stretchy=\"false\">?</mo>\n            </mover>\n          </mrow>\n        </mrow>\n        <mo>,</mo>\n        <mn>0</mn>\n        <mrow class=\"MJX-TeXAtom-ORD\">\n          <mo stretchy=\"false\">|</mo>\n        </mrow>\n        <mo>?</mo>\n        <mi>S</mi>\n        <mrow class=\"MJX-TeXAtom-ORD\">\n          <mrow class=\"MJX-TeXAtom-ORD\">\n            <mo maxsize=\"1.2em\" minsize=\"1.2em\">|</mo>\n          </mrow>\n        </mrow>\n        <mo stretchy=\"false\">)</mo>\n        <mo fence=\"false\" stretchy=\"false\">?</mo>\n        <msup>\n          <mi>U</mi>\n          <mrow class=\"MJX-TeXAtom-ORD\">\n            <mo>?</mo>\n          </mrow>\n        </msup>\n        <msub>\n          <mi mathvariant=\"normal\">E</mi>\n          <mrow class=\"MJX-TeXAtom-ORD\">\n            <mi>F</mi>\n            <mo stretchy=\"false\">(</mo>\n            <mi>x</mi>\n            <mo stretchy=\"false\">)</mo>\n          </mrow>\n        </msub>\n        <mo>?</mo>\n        <mi>U</mi>\n        <mo fence=\"false\" stretchy=\"false\">?</mo>\n        <mo>?</mo>\n        <mi>?</mi>\n      </mstyle>\n    </mrow>\n    <annotation encoding=\"application/x-tex\">{\\displaystyle \n\\left|\\operatorname {Tr} (SU^{*}\\operatorname {E} _{F(x)}U)-\\left\\langle\n {\\vec {x}},0{\\big |}U^{*}\\operatorname {E} _{F(x)}U{\\big |}{\\vec \n{x}},0\\right\\rangle \\right|\\leq \\operatorname {Tr} ({\\big |}|{\\vec \n{x}},0\\rangle \\langle {\\vec {x}},0|-S{\\big |})\\|U^{*}\\operatorname {E} \n_{F(x)}U\\|\\leq \\delta }</annotation>\n  </semantics>\n</math></span><img src=\"https://wikimedia.org/api/rest_v1/media/math/render/svg/cc24c8ac771303a287b7892808afa4dbdd89da69\" class=\"mwe-math-fallback-image-inline\" aria-hidden=\"true\" style=\"vertical-align: -1.171ex; width:82.485ex; height:3.509ex;\" alt=\"\\left|\\operatorname {Tr} (SU^{*}\\operatorname {E} _{F(x)}U)-\\left\\langle {\\vec {x}},0{\\big |}U^{*}\\operatorname {E} _{F(x)}U{\\big |}{\\vec {x}},0\\right\\rangle \\right|\\leq \\operatorname {Tr} ({\\big |}|{\\vec {x}},0\\rangle \\langle {\\vec {x}},0|-S{\\big |})\\|U^{*}\\operatorname {E} _{F(x)}U\\|\\leq \\delta \"></span></dd></dl>\n<p>so that\n</p>\n<dl><dd><span class=\"mwe-math-element\"><span class=\"mwe-math-mathml-inline mwe-math-mathml-a11y\" style=\"display: none;\"><math xmlns=\"http://www.w3.org/1998/Math/MathML\" alttext=\"{\\displaystyle \\operatorname {Tr} (SU^{*}\\operatorname {E} _{F(x)}U)\\geq 1-\\epsilon -\\delta .}\">\n  <semantics>\n    <mrow class=\"MJX-TeXAtom-ORD\">\n      <mstyle displaystyle=\"true\" scriptlevel=\"0\">\n        <mi>Tr</mi>\n        <mo>?</mo>\n        <mo stretchy=\"false\">(</mo>\n        <mi>S</mi>\n        <msup>\n          <mi>U</mi>\n          <mrow class=\"MJX-TeXAtom-ORD\">\n            <mo>?</mo>\n          </mrow>\n        </msup>\n        <msub>\n          <mi mathvariant=\"normal\">E</mi>\n          <mrow class=\"MJX-TeXAtom-ORD\">\n            <mi>F</mi>\n            <mo stretchy=\"false\">(</mo>\n            <mi>x</mi>\n            <mo stretchy=\"false\">)</mo>\n          </mrow>\n        </msub>\n        <mo>?</mo>\n        <mi>U</mi>\n        <mo stretchy=\"false\">)</mo>\n        <mo>?</mo>\n        <mn>1</mn>\n        <mo>?</mo>\n        <mi>?</mi>\n        <mo>?</mo>\n        <mi>?</mi>\n        <mo>.</mo>\n      </mstyle>\n    </mrow>\n    <annotation encoding=\"application/x-tex\">{\\displaystyle \\operatorname {Tr} (SU^{*}\\operatorname {E} _{F(x)}U)\\geq 1-\\epsilon -\\delta .}</annotation>\n  </semantics>\n</math></span><img src=\"https://wikimedia.org/api/rest_v1/media/math/render/svg/6d61b30e30670e8746e3005c494efed3ce4c3b53\" class=\"mwe-math-fallback-image-inline\" aria-hidden=\"true\" style=\"vertical-align: -1.171ex; width:29.197ex; height:3.176ex;\" alt=\"\\operatorname {Tr} (SU^{*}\\operatorname {E} _{F(x)}U)\\geq 1-\\epsilon -\\delta .\"></span></dd></dl>\n<p><b>Theorem</b>.  If  ? + ? &lt; 1/2, then  the probability distribution \n</p>\n<dl><dd><span class=\"mwe-math-element\"><span class=\"mwe-math-mathml-inline mwe-math-mathml-a11y\" style=\"display: none;\"><math xmlns=\"http://www.w3.org/1998/Math/MathML\" alttext=\"{\\displaystyle \\operatorname {Pr} \\{y\\}=\\operatorname {Tr} (SU^{*}\\operatorname {E} _{y}U)}\">\n  <semantics>\n    <mrow class=\"MJX-TeXAtom-ORD\">\n      <mstyle displaystyle=\"true\" scriptlevel=\"0\">\n        <mi>Pr</mi>\n        <mo>?</mo>\n        <mo fence=\"false\" stretchy=\"false\">{</mo>\n        <mi>y</mi>\n        <mo fence=\"false\" stretchy=\"false\">}</mo>\n        <mo>=</mo>\n        <mi>Tr</mi>\n        <mo>?</mo>\n        <mo stretchy=\"false\">(</mo>\n        <mi>S</mi>\n        <msup>\n          <mi>U</mi>\n          <mrow class=\"MJX-TeXAtom-ORD\">\n            <mo>?</mo>\n          </mrow>\n        </msup>\n        <msub>\n          <mi mathvariant=\"normal\">E</mi>\n          <mrow class=\"MJX-TeXAtom-ORD\">\n            <mi>y</mi>\n          </mrow>\n        </msub>\n        <mo>?</mo>\n        <mi>U</mi>\n        <mo stretchy=\"false\">)</mo>\n      </mstyle>\n    </mrow>\n    <annotation encoding=\"application/x-tex\">{\\displaystyle \\operatorname {Pr} \\{y\\}=\\operatorname {Tr} (SU^{*}\\operatorname {E} _{y}U)}</annotation>\n  </semantics>\n</math></span><img src=\"https://wikimedia.org/api/rest_v1/media/math/render/svg/8810f874e884f4887dc0da24e32719b9775d432d\" class=\"mwe-math-fallback-image-inline\" aria-hidden=\"true\" style=\"vertical-align: -1.005ex; width:23.056ex; height:3.009ex;\" alt=\"\\operatorname {Pr} \\{y\\}=\\operatorname {Tr} (SU^{*}\\operatorname {E} _{y}U)\"></span></dd></dl>\n<p>on <i>Y</i> can be used to determine <i>F</i>(<i>x</i>) with an \narbitrarily  small probability of error by majority sampling, for a \nsufficiently large sample size. Specifically, take <i>k</i> independent samples from the probability distribution Pr on <i>Y</i> and choose a value on which more than half of the samples agree. The probability that the value <i>F</i>(<i>x</i>) is sampled more than <i>k</i>/2 times is at least\n</p>\n<dl><dd><span class=\"mwe-math-element\"><span class=\"mwe-math-mathml-inline mwe-math-mathml-a11y\" style=\"display: none;\"><math xmlns=\"http://www.w3.org/1998/Math/MathML\" alttext=\"{\\displaystyle 1-e^{-2\\gamma ^{2}k},}\">\n  <semantics>\n    <mrow class=\"MJX-TeXAtom-ORD\">\n      <mstyle displaystyle=\"true\" scriptlevel=\"0\">\n        <mn>1</mn>\n        <mo>?</mo>\n        <msup>\n          <mi>e</mi>\n          <mrow class=\"MJX-TeXAtom-ORD\">\n            <mo>?</mo>\n            <mn>2</mn>\n            <msup>\n              <mi>?</mi>\n              <mrow class=\"MJX-TeXAtom-ORD\">\n                <mn>2</mn>\n              </mrow>\n            </msup>\n            <mi>k</mi>\n          </mrow>\n        </msup>\n        <mo>,</mo>\n      </mstyle>\n    </mrow>\n    <annotation encoding=\"application/x-tex\">{\\displaystyle 1-e^{-2\\gamma ^{2}k},}</annotation>\n  </semantics>\n</math></span><img src=\"https://wikimedia.org/api/rest_v1/media/math/render/svg/428ab2f4333e0d70e04ac7036ac2fc3e2868d6bc\" class=\"mwe-math-fallback-image-inline\" aria-hidden=\"true\" style=\"vertical-align: -0.671ex; width:10.659ex; height:3.343ex;\" alt=\"1-e^{-2\\gamma ^{2}k},\"></span></dd></dl>\n<p>where ? = 1/2 - ? - ?.seeprh3hrphowerhweophrpowep</p><p></p><p></p>\n<dl><dd><span class=\"mwe-math-element\"><span class=\"mwe-math-mathml-inline mwe-math-mathml-a11y\" style=\"display: none;\"><math xmlns=\"http://www.w3.org/1998/Math/MathML\" alttext=\"{\\displaystyle U_{\\theta }={\\begin{bmatrix}e^{i\\theta }&amp;0\\\\0&amp;1\\end{bmatrix}},}\">\n  <semantics>\n    <mrow class=\"MJX-TeXAtom-ORD\">\n      <mstyle displaystyle=\"true\" scriptlevel=\"0\">\n        <msub>\n          <mi>U</mi>\n          <mrow class=\"MJX-TeXAtom-ORD\">\n            <mi>?</mi>\n          </mrow>\n        </msub>\n        <mo>=</mo>\n        <mrow class=\"MJX-TeXAtom-ORD\">\n          <mrow>\n            <mo>[</mo>\n            <mtable rowspacing=\"4pt\" columnspacing=\"1em\">\n              <mtr>\n                <mtd>\n                  <msup>\n                    <mi>e</mi>\n                    <mrow class=\"MJX-TeXAtom-ORD\">\n                      <mi>i</mi>\n                      <mi>?</mi>\n                    </mrow>\n                  </msup>\n                </mtd>\n                <mtd>\n                  <mn>0</mn>\n                </mtd>\n              </mtr>\n              <mtr>\n                <mtd>\n                  <mn>0</mn>\n                </mtd>\n                <mtd>\n                  <mn>1</mn>\n                </mtd>\n              </mtr>\n            </mtable>\n            <mo>]</mo>\n          </mrow>\n        </mrow>\n        <mo>,</mo>\n      </mstyle>\n    </mrow>\n    <annotation encoding=\"application/x-tex\">{\\displaystyle U_{\\theta }={\\begin{bmatrix}e^{i\\theta }&amp;0\\\\0&amp;1\\end{bmatrix}},}</annotation>\n  </semantics>\n</math></span></span></dd></dl><br><p></p><p></p><p></p>', 9);
INSERT INTO `article_masterpiece_page` (`id`, `id_masterpiece`, `data`, `menu_id`) VALUES
(9, 3, '<p>In quantum computing, a quantum algorithm is an algorithm which runs on a realistic model of quantum computation, the most commonly used model being the quantum circuit model of computation.[1][2] A classical (or non-quantum) algorithm is a finite sequence\n    of instructions, or a step-by-step procedure for solving a problem, where each step or instruction can be performed on a classical computer. Similarly, a quantum algorithm is a step-by-step procedure, where each of the steps can be performed on a\n    quantum computer. Although all classical algorithms can also be performed on a quantum computer,[3]:126 the term quantum algorithm is usually used for those algorithms which seem inherently quantum, or use some essential feature of quantum computation\n    such as quantum superposition or quantum entanglement.<br> Problems which are undecidable using classical computers remain undecidable using quantum computers.[4]:127 What makes quantum algorithms interesting is that they might be able to solve some\n    problems faster than classical algorithms because the quantum superposition and quantum entanglement that quantum algorithms exploit probably can\'t be efficiently simulated on classical computers (see Quantum supremacy).</p>\n<p><br> The most well known algorithms are Shor\'s algorithm for factoring, and Grover\'s algorithm for searching an unstructured database or an unordered list. Shor\'s algorithms runs much (almost exponentially) faster than the best known classical algorithm\n    for factoring, the general number field sieve.[citation needed] Grover\'s algorithm runs quadratically faster than the best possible classical algorithm for the same task,[citation needed] a linear search. The quantum Fourier transform is the quantum\n    analogue of the discrete Fourier transform, and is used in several quantum algorithms. The Hadamard transform is also an example of a quantum Fourier transform over an n-dimensional vector space over the field F2. The quantum Fourier transform can\n    be efficiently implemented on a quantum computer using only a polynomial number of quantum gates.</p>\n<p><br>\n\n    <b>Deutsch–Jozsa algorithm</b>\n\n\n</p>\n<p>The Deutsch–Jozsa algorithm solves a black-box problem which probably requires exponentially many queries to the black box for any deterministic classical computer, but can be done with exactly one query by a quantum computer. If we allow both bounded-error\n    quantum and classical algorithms, then there is no speedup since a classical probabilistic algorithm can solve the problem with a constant number of queries with small probability of error. The algorithm determines whether a function f is either constant\n    (0 on all inputs or 1 on all inputs) or balanced (returns 1 for half of the input domain and 0 for the other half).\n</p>\n<p><br>\n    <b>Bernstein-Vazirani algorithm</b></p>\n<p><b></b>\n    <br> The Bernstein-Vazirani algorithm is the first quantum algorithm that is exponentially more efficient than classical algorithms. It was designed to create an oracle separation between BQP and BPP. Simon\'s algorithm\n\n</p>\n<p><br><b> Simon\'s algorithm</b></p>\n<p><b></b>\n    <br> Simon\'s algorithm solves a black-box problem exponentially faster than any classical algorithm, including bounded-error probabilistic algorithms. This algorithm, which achieves an exponential speedup over all classical algorithms that we consider\n    efficient, was the motivation for Shor\'s factoring algorithm. Quantum phase estimation algorithm Main article: Quantum phase estimation algorithm The quantum phase estimation algorithm is used to determine the eigenphase of an eigenvector of a unitary\n    gate given a quantum state proportional to the eigenvector and access to the gate. The algorithm is frequently used as a subroutine in other algorithms.\n</p>\n<p></p>\n<p><strong>Shor\'s algorithm&nbsp; </strong></p>\n<p></p>\n<p>Shor\'s algorithm Shor\'s algorithm solves the discrete logarithm problem and the integer factorization problem in polynomial time, whereas the best known classical algorithms take super-polynomial time. These problems are not known to be in P or NP-complete.\n    It is also one of the few quantum algorithms that solves a non–black-box problem in polynomial time where the best known classical algorithms run in super-polynomial time. Hidden subgroup problem The abelian hidden subgroup problem is a generalization\n    of many problems that can be solved by a quantum computer, such as Simon\'s problem, solving Pell\'s equation, testing the principal ideal of a ring R and factoring. There are efficient quantum algorithms known for the Abelian hidden subgroup problem.[8]\n    The more general hidden subgroup problem, where the group isn\'t necessarily abelian, is a generalization of the previously mentioned problems and graph isomorphism and certain lattice problems. Efficient quantum algorithms are known for certain non-abelian\n    groups. However, no efficient algorithms are known for the symmetric group, which would give an efficient algorithm for graph isomorphism[9] and the dihedral group, which would solve certain lattice problems.\n</p><p></p>\n<iframe class=\"notranslate show_this\" src=\"http://localhost:5000/visualize_code?id=12\" style=\"border:0px; overflow:hidden;\" width=\"1029px\" height=\"200px\"></iframe>\n<p></p><p><strong>Boson sampling</strong>\n</p>\n<p></p>\n<p>\n    The Boson Sampling Problem in an experimental configuration assumes an input of bosons (ex. photons of light) of moderate number getting randomly scattered into a large number of output modes constrained by a defined unitarity. The problem is then to\n    produce a fair sample of the probability distribution of the output which is dependent on the input arrangement of bosons and the Unitarity.[12] Solving this problem with a classical computer algorithm requires computing the permanent[clarification\n    needed] of the unitary transform matrix, which may be either impossible or take a prohibitively long time. In 2014, it was proposed&nbsp;that existing technology and standard probabilistic methods of generating single photon states could be used as\n    input into a suitable quantum computable linear optical network and that sampling of the output probability distribution would be demonstrably superior using quantum algorithms. In 2015, investigation predicted[14] the sampling problem had similar\n    complexity for inputs other than Fock state photons and identified a transition in computational complexity from classically simulatable to just as hard as the Boson Sampling Problem, dependent on the size of coherent amplitude inputs.</p>\n<p>\n    <strong>Estimating Gauss sums\n</strong></p>\n<p>\n    A Gauss sum is a type of exponential sum. The best known classical algorithm for estimating these sums takes exponential time. Since the discrete logarithm problem reduces to Gauss sum estimation, an efficient classical algorithm for estimating Gauss\n    sums would imply an efficient classical algorithm for computing discrete logarithms, which is considered unlikely. However, quantum computers can estimate Gauss sums to polynomial precision in polynomial time.[15] Fourier fishing and Fourier checking\n    . This can be done in Bounded-error Quantum Polynomial time (BQP)</p>\n<p></p>', 10);
INSERT INTO `article_masterpiece_page` (`id`, `id_masterpiece`, `data`, `menu_id`) VALUES
(10, 3, 'In the case of systems composed of <span class=\"mwe-math-element\"><span class=\"mwe-math-mathml-inline mwe-math-mathml-a11y\" style=\"display: none;\"><math xmlns=\"http://www.w3.org/1998/Math/MathML\" alttext=\"{\\displaystyle m>2}\">\n  <semantics>\n    <mrow class=\"MJX-TeXAtom-ORD\">\n      <mstyle displaystyle=\"true\" scriptlevel=\"0\">\n        <mi>m</mi>\n        <mo>&gt;</mo>\n        <mn>2</mn>\n      </mstyle>\n    </mrow>\n    <annotation encoding=\"application/x-tex\">{\\displaystyle m&gt;2}</annotation>\n  </semantics>\n</math></span><img src=\"https://wikimedia.org/api/rest_v1/media/math/render/svg/44e4ce1c04edd8f9602e60f0ec4457b7ac12fcd4\" class=\"mwe-math-fallback-image-inline\" aria-hidden=\"true\" style=\"vertical-align: -0.338ex; width:6.301ex; height:2.176ex;\" alt=\"m > 2\"></span> subsystems, the classification of <a href=\"https://en.wikipedia.org/wiki/Quantum_entanglement\" title=\"Quantum entanglement\"><b>quantum-entangled</b></a> <b>states</b> is richer than in the bipartite case. Indeed, in <b>multipartite entanglement</b> apart from fully <a href=\"https://en.wikipedia.org/wiki/Separable_state\" title=\"Separable state\">separable states</a> and fully <a href=\"https://en.wikipedia.org/wiki/Entangled_state\" class=\"mw-redirect\" title=\"Entangled state\">entangled states</a>, there also exists the notion of partially separable states<p></p><p>The definitions of fully separable and fully entangled multipartite \nstates naturally generalizes that of separable and entangled states in \nthe bipartite case, as follows.<sup id=\"cite_ref-quantiki_1-1\" class=\"reference\"><a href=\"https://en.wikipedia.org/wiki/Multipartite_entanglement#cite_note-quantiki-1\">[1]</a></sup>\n</p><p><b>Definition [Full <span class=\"mwe-math-element\"><span class=\"mwe-math-mathml-inline mwe-math-mathml-a11y\" style=\"display: none;\"><math xmlns=\"http://www.w3.org/1998/Math/MathML\" alttext=\"{\\displaystyle \\;m}\">\n  <semantics>\n    <mrow class=\"MJX-TeXAtom-ORD\">\n      <mstyle displaystyle=\"true\" scriptlevel=\"0\">\n        <mspace width=\"thickmathspace\"></mspace>\n        <mi>m</mi>\n      </mstyle>\n    </mrow>\n    <annotation encoding=\"application/x-tex\">{\\displaystyle \\;m}</annotation>\n  </semantics>\n</math></span><img src=\"https://wikimedia.org/api/rest_v1/media/math/render/svg/d3c27e2965725e567b805b0c591a875ee5622f8b\" class=\"mwe-math-fallback-image-inline\" aria-hidden=\"true\" style=\"vertical-align: -0.338ex; width:2.686ex; height:1.676ex;\" alt=\"\\;m\"></span>-partite separability (<span class=\"mwe-math-element\"><span class=\"mwe-math-mathml-inline mwe-math-mathml-a11y\" style=\"display: none;\"><math xmlns=\"http://www.w3.org/1998/Math/MathML\" alttext=\"{\\displaystyle \\;m}\">\n  <semantics>\n    <mrow class=\"MJX-TeXAtom-ORD\">\n      <mstyle displaystyle=\"true\" scriptlevel=\"0\">\n        <mspace width=\"thickmathspace\"></mspace>\n        <mi>m</mi>\n      </mstyle>\n    </mrow>\n    <annotation encoding=\"application/x-tex\">{\\displaystyle \\;m}</annotation>\n  </semantics>\n</math></span><img src=\"https://wikimedia.org/api/rest_v1/media/math/render/svg/d3c27e2965725e567b805b0c591a875ee5622f8b\" class=\"mwe-math-fallback-image-inline\" aria-hidden=\"true\" style=\"vertical-align: -0.338ex; width:2.686ex; height:1.676ex;\" alt=\"\\;m\"></span>-separability) of <span class=\"mwe-math-element\"><span class=\"mwe-math-mathml-inline mwe-math-mathml-a11y\" style=\"display: none;\"><math xmlns=\"http://www.w3.org/1998/Math/MathML\" alttext=\"{\\displaystyle \\;m}\">\n  <semantics>\n    <mrow class=\"MJX-TeXAtom-ORD\">\n      <mstyle displaystyle=\"true\" scriptlevel=\"0\">\n        <mspace width=\"thickmathspace\"></mspace>\n        <mi>m</mi>\n      </mstyle>\n    </mrow>\n    <annotation encoding=\"application/x-tex\">{\\displaystyle \\;m}</annotation>\n  </semantics>\n</math></span><img src=\"https://wikimedia.org/api/rest_v1/media/math/render/svg/d3c27e2965725e567b805b0c591a875ee5622f8b\" class=\"mwe-math-fallback-image-inline\" aria-hidden=\"true\" style=\"vertical-align: -0.338ex; width:2.686ex; height:1.676ex;\" alt=\"\\;m\"></span> systems]:</b> The state <span class=\"mwe-math-element\"><span class=\"mwe-math-mathml-inline mwe-math-mathml-a11y\" style=\"display: none;\"><math xmlns=\"http://www.w3.org/1998/Math/MathML\" alttext=\"{\\displaystyle \\;\\varrho _{A_{1}\\ldots A_{m}}}\">\n  <semantics>\n    <mrow class=\"MJX-TeXAtom-ORD\">\n      <mstyle displaystyle=\"true\" scriptlevel=\"0\">\n        <mspace width=\"thickmathspace\"></mspace>\n        <msub>\n          <mi>?</mi>\n          <mrow class=\"MJX-TeXAtom-ORD\">\n            <msub>\n              <mi>A</mi>\n              <mrow class=\"MJX-TeXAtom-ORD\">\n                <mn>1</mn>\n              </mrow>\n            </msub>\n            <mo>…</mo>\n            <msub>\n              <mi>A</mi>\n              <mrow class=\"MJX-TeXAtom-ORD\">\n                <mi>m</mi>\n              </mrow>\n            </msub>\n          </mrow>\n        </msub>\n      </mstyle>\n    </mrow>\n    <annotation encoding=\"application/x-tex\">{\\displaystyle \\;\\varrho _{A_{1}\\ldots A_{m}}}</annotation>\n  </semantics>\n</math></span><img src=\"https://wikimedia.org/api/rest_v1/media/math/render/svg/51339e2317d7bfd2e8cc5ff8512fb1b46de27f7f\" class=\"mwe-math-fallback-image-inline\" aria-hidden=\"true\" style=\"vertical-align: -1.005ex; width:8.637ex; height:2.343ex;\" alt=\"\\;\\varrho _{{A_{1}\\ldots A_{m}}}\"></span> of <span class=\"mwe-math-element\"><span class=\"mwe-math-mathml-inline mwe-math-mathml-a11y\" style=\"display: none;\"><math xmlns=\"http://www.w3.org/1998/Math/MathML\" alttext=\"{\\displaystyle \\;m}\">\n  <semantics>\n    <mrow class=\"MJX-TeXAtom-ORD\">\n      <mstyle displaystyle=\"true\" scriptlevel=\"0\">\n        <mspace width=\"thickmathspace\"></mspace>\n        <mi>m</mi>\n      </mstyle>\n    </mrow>\n    <annotation encoding=\"application/x-tex\">{\\displaystyle \\;m}</annotation>\n  </semantics>\n</math></span><img src=\"https://wikimedia.org/api/rest_v1/media/math/render/svg/d3c27e2965725e567b805b0c591a875ee5622f8b\" class=\"mwe-math-fallback-image-inline\" aria-hidden=\"true\" style=\"vertical-align: -0.338ex; width:2.686ex; height:1.676ex;\" alt=\"\\;m\"></span> subsystems <span class=\"mwe-math-element\"><span class=\"mwe-math-mathml-inline mwe-math-mathml-a11y\" style=\"display: none;\"><math xmlns=\"http://www.w3.org/1998/Math/MathML\" alttext=\"{\\displaystyle \\;A_{1},\\ldots ,A_{m}}\">\n  <semantics>\n    <mrow class=\"MJX-TeXAtom-ORD\">\n      <mstyle displaystyle=\"true\" scriptlevel=\"0\">\n        <mspace width=\"thickmathspace\"></mspace>\n        <msub>\n          <mi>A</mi>\n          <mrow class=\"MJX-TeXAtom-ORD\">\n            <mn>1</mn>\n          </mrow>\n        </msub>\n        <mo>,</mo>\n        <mo>…</mo>\n        <mo>,</mo>\n        <msub>\n          <mi>A</mi>\n          <mrow class=\"MJX-TeXAtom-ORD\">\n            <mi>m</mi>\n          </mrow>\n        </msub>\n      </mstyle>\n    </mrow>\n    <annotation encoding=\"application/x-tex\">{\\displaystyle \\;A_{1},\\ldots ,A_{m}}</annotation>\n  </semantics>\n</math></span><img src=\"https://wikimedia.org/api/rest_v1/media/math/render/svg/da7e13ed42437deca4d0727c624626e0e10a25fa\" class=\"mwe-math-fallback-image-inline\" aria-hidden=\"true\" style=\"vertical-align: -0.671ex; width:12.039ex; height:2.509ex;\" alt=\"\\;A_{1},\\ldots ,A_{m}\"></span> with Hilbert space <span class=\"mwe-math-element\"><span class=\"mwe-math-mathml-inline mwe-math-mathml-a11y\" style=\"display: none;\"><math xmlns=\"http://www.w3.org/1998/Math/MathML\" alttext=\"{\\displaystyle \\;{\\mathcal {H}}_{A_{1}\\ldots A_{m}}={\\mathcal {H}}_{A_{1}}\\otimes \\ldots \\otimes {\\mathcal {H}}_{A_{m}}}\">\n  <semantics>\n    <mrow class=\"MJX-TeXAtom-ORD\">\n      <mstyle displaystyle=\"true\" scriptlevel=\"0\">\n        <mspace width=\"thickmathspace\"></mspace>\n        <msub>\n          <mrow class=\"MJX-TeXAtom-ORD\">\n            <mrow class=\"MJX-TeXAtom-ORD\">\n              <mi class=\"MJX-tex-caligraphic\" mathvariant=\"script\">H</mi>\n            </mrow>\n          </mrow>\n          <mrow class=\"MJX-TeXAtom-ORD\">\n            <msub>\n              <mi>A</mi>\n              <mrow class=\"MJX-TeXAtom-ORD\">\n                <mn>1</mn>\n              </mrow>\n            </msub>\n            <mo>…</mo>\n            <msub>\n              <mi>A</mi>\n              <mrow class=\"MJX-TeXAtom-ORD\">\n                <mi>m</mi>\n              </mrow>\n            </msub>\n          </mrow>\n        </msub>\n        <mo>=</mo>\n        <msub>\n          <mrow class=\"MJX-TeXAtom-ORD\">\n            <mrow class=\"MJX-TeXAtom-ORD\">\n              <mi class=\"MJX-tex-caligraphic\" mathvariant=\"script\">H</mi>\n            </mrow>\n          </mrow>\n          <mrow class=\"MJX-TeXAtom-ORD\">\n            <msub>\n              <mi>A</mi>\n              <mrow class=\"MJX-TeXAtom-ORD\">\n                <mn>1</mn>\n              </mrow>\n            </msub>\n          </mrow>\n        </msub>\n        <mo>?</mo>\n        <mo>…</mo>\n        <mo>?</mo>\n        <msub>\n          <mrow class=\"MJX-TeXAtom-ORD\">\n            <mrow class=\"MJX-TeXAtom-ORD\">\n              <mi class=\"MJX-tex-caligraphic\" mathvariant=\"script\">H</mi>\n            </mrow>\n          </mrow>\n          <mrow class=\"MJX-TeXAtom-ORD\">\n            <msub>\n              <mi>A</mi>\n              <mrow class=\"MJX-TeXAtom-ORD\">\n                <mi>m</mi>\n              </mrow>\n            </msub>\n          </mrow>\n        </msub>\n      </mstyle>\n    </mrow>\n    <annotation encoding=\"application/x-tex\">{\\displaystyle \\;{\\mathcal {H}}_{A_{1}\\ldots A_{m}}={\\mathcal {H}}_{A_{1}}\\otimes \\ldots \\otimes {\\mathcal {H}}_{A_{m}}}</annotation>\n  </semantics>\n</math></span><img src=\"https://wikimedia.org/api/rest_v1/media/math/render/svg/2dd4c4cf62354838aab0e950989513952966da19\" class=\"mwe-math-fallback-image-inline\" aria-hidden=\"true\" style=\"vertical-align: -1.005ex; width:29.926ex; height:2.843ex;\" alt=\"\\;{\\mathcal  {H}}_{{A_{1}\\ldots A_{m}}}={\\mathcal  {H}}_{{A_{1}}}\\otimes \\ldots \\otimes {\\mathcal  {H}}_{{A_{m}}}\"></span> is <b>fully separable</b> if and only if it can be written in the form\n</p>\n<dl><dd><span class=\"mwe-math-element\"><span class=\"mwe-math-mathml-inline mwe-math-mathml-a11y\" style=\"display: none;\"><math xmlns=\"http://www.w3.org/1998/Math/MathML\" alttext=\"{\\displaystyle \\;\\varrho _{A_{1}\\ldots A_{m}}=\\sum _{i=1}^{k}p_{i}\\varrho _{A_{1}}^{i}\\otimes \\ldots \\otimes \\varrho _{A_{m}}^{i}.}\">\n  <semantics>\n    <mrow class=\"MJX-TeXAtom-ORD\">\n      <mstyle displaystyle=\"true\" scriptlevel=\"0\">\n        <mspace width=\"thickmathspace\"></mspace>\n        <msub>\n          <mi>?</mi>\n          <mrow class=\"MJX-TeXAtom-ORD\">\n            <msub>\n              <mi>A</mi>\n              <mrow class=\"MJX-TeXAtom-ORD\">\n                <mn>1</mn>\n              </mrow>\n            </msub>\n            <mo>…</mo>\n            <msub>\n              <mi>A</mi>\n              <mrow class=\"MJX-TeXAtom-ORD\">\n                <mi>m</mi>\n              </mrow>\n            </msub>\n          </mrow>\n        </msub>\n        <mo>=</mo>\n        <munderover>\n          <mo>?</mo>\n          <mrow class=\"MJX-TeXAtom-ORD\">\n            <mi>i</mi>\n            <mo>=</mo>\n            <mn>1</mn>\n          </mrow>\n          <mrow class=\"MJX-TeXAtom-ORD\">\n            <mi>k</mi>\n          </mrow>\n        </munderover>\n        <msub>\n          <mi>p</mi>\n          <mrow class=\"MJX-TeXAtom-ORD\">\n            <mi>i</mi>\n          </mrow>\n        </msub>\n        <msubsup>\n          <mi>?</mi>\n          <mrow class=\"MJX-TeXAtom-ORD\">\n            <msub>\n              <mi>A</mi>\n              <mrow class=\"MJX-TeXAtom-ORD\">\n                <mn>1</mn>\n              </mrow>\n            </msub>\n          </mrow>\n          <mrow class=\"MJX-TeXAtom-ORD\">\n            <mi>i</mi>\n          </mrow>\n        </msubsup>\n        <mo>?</mo>\n        <mo>…</mo>\n        <mo>?</mo>\n        <msubsup>\n          <mi>?</mi>\n          <mrow class=\"MJX-TeXAtom-ORD\">\n            <msub>\n              <mi>A</mi>\n              <mrow class=\"MJX-TeXAtom-ORD\">\n                <mi>m</mi>\n              </mrow>\n            </msub>\n          </mrow>\n          <mrow class=\"MJX-TeXAtom-ORD\">\n            <mi>i</mi>\n          </mrow>\n        </msubsup>\n        <mo>.</mo>\n      </mstyle>\n    </mrow>\n    <annotation encoding=\"application/x-tex\">{\\displaystyle \\;\\varrho \n_{A_{1}\\ldots A_{m}}=\\sum _{i=1}^{k}p_{i}\\varrho _{A_{1}}^{i}\\otimes \n\\ldots \\otimes \\varrho _{A_{m}}^{i}.}</annotation>\n  </semantics>\n</math></span><img src=\"https://wikimedia.org/api/rest_v1/media/math/render/svg/9524cbda48ec99cf91ecabc77bc142ef9383d8f4\" class=\"mwe-math-fallback-image-inline\" aria-hidden=\"true\" style=\"vertical-align: -3.005ex; width:33.998ex; height:7.343ex;\" alt=\"\\;\\varrho _{{A_{1}\\ldots A_{m}}}=\\sum _{{i=1}}^{k}p_{i}\\varrho _{{A_{1}}}^{i}\\otimes \\ldots \\otimes \\varrho _{{A_{m}}}^{i}.\"></span></dd></dl>\n<p>Correspondingly, the state <span class=\"mwe-math-element\"><span class=\"mwe-math-mathml-inline mwe-math-mathml-a11y\" style=\"display: none;\"><math xmlns=\"http://www.w3.org/1998/Math/MathML\" alttext=\"{\\displaystyle \\;\\varrho _{A_{1}\\ldots A_{m}}}\">\n  <semantics>\n    <mrow class=\"MJX-TeXAtom-ORD\">\n      <mstyle displaystyle=\"true\" scriptlevel=\"0\">\n        <mspace width=\"thickmathspace\"></mspace>\n        <msub>\n          <mi>?</mi>\n          <mrow class=\"MJX-TeXAtom-ORD\">\n            <msub>\n              <mi>A</mi>\n              <mrow class=\"MJX-TeXAtom-ORD\">\n                <mn>1</mn>\n              </mrow>\n            </msub>\n            <mo>…</mo>\n            <msub>\n              <mi>A</mi>\n              <mrow class=\"MJX-TeXAtom-ORD\">\n                <mi>m</mi>\n              </mrow>\n            </msub>\n          </mrow>\n        </msub>\n      </mstyle>\n    </mrow>\n    <annotation encoding=\"application/x-tex\">{\\displaystyle \\;\\varrho _{A_{1}\\ldots A_{m}}}</annotation>\n  </semantics>\n</math></span><img src=\"https://wikimedia.org/api/rest_v1/media/math/render/svg/51339e2317d7bfd2e8cc5ff8512fb1b46de27f7f\" class=\"mwe-math-fallback-image-inline\" aria-hidden=\"true\" style=\"vertical-align: -1.005ex; width:8.637ex; height:2.343ex;\" alt=\"\\;\\varrho _{{A_{1}\\ldots A_{m}}}\"></span> is <b>fully entangled</b> if it cannot be written in the above form.\n</p><p>As in the bipartite case, the set of <span class=\"mwe-math-element\"><span class=\"mwe-math-mathml-inline mwe-math-mathml-a11y\" style=\"display: none;\"><math xmlns=\"http://www.w3.org/1998/Math/MathML\" alttext=\"{\\displaystyle \\;m}\">\n  <semantics>\n    <mrow class=\"MJX-TeXAtom-ORD\">\n      <mstyle displaystyle=\"true\" scriptlevel=\"0\">\n        <mspace width=\"thickmathspace\"></mspace>\n        <mi>m</mi>\n      </mstyle>\n    </mrow>\n    <annotation encoding=\"application/x-tex\">{\\displaystyle \\;m}</annotation>\n  </semantics>\n</math></span><img src=\"https://wikimedia.org/api/rest_v1/media/math/render/svg/d3c27e2965725e567b805b0c591a875ee5622f8b\" class=\"mwe-math-fallback-image-inline\" aria-hidden=\"true\" style=\"vertical-align: -0.338ex; width:2.686ex; height:1.676ex;\" alt=\"\\;m\"></span>-separable states is <i>convex</i> and <i>closed</i> with respect to trace norm, and separability is preserved under  <span class=\"mwe-math-element\"><span class=\"mwe-math-mathml-inline mwe-math-mathml-a11y\" style=\"display: none;\"><math xmlns=\"http://www.w3.org/1998/Math/MathML\" alttext=\"{\\displaystyle \\;m}\">\n  <semantics>\n    <mrow class=\"MJX-TeXAtom-ORD\">\n      <mstyle displaystyle=\"true\" scriptlevel=\"0\">\n        <mspace width=\"thickmathspace\"></mspace>\n        <mi>m</mi>\n      </mstyle>\n    </mrow>\n    <annotation encoding=\"application/x-tex\">{\\displaystyle \\;m}</annotation>\n  </semantics>\n</math></span><img src=\"https://wikimedia.org/api/rest_v1/media/math/render/svg/d3c27e2965725e567b805b0c591a875ee5622f8b\" class=\"mwe-math-fallback-image-inline\" aria-hidden=\"true\" style=\"vertical-align: -0.338ex; width:2.686ex; height:1.676ex;\" alt=\"\\;m\"></span>-separable operations <span class=\"mwe-math-element\"><span class=\"mwe-math-mathml-inline mwe-math-mathml-a11y\" style=\"display: none;\"><math xmlns=\"http://www.w3.org/1998/Math/MathML\" alttext=\"{\\displaystyle \\;\\sum _{i}\\Omega _{i}^{1}\\otimes \\ldots \\otimes \\Omega _{i}^{n}}\">\n  <semantics>\n    <mrow class=\"MJX-TeXAtom-ORD\">\n      <mstyle displaystyle=\"true\" scriptlevel=\"0\">\n        <mspace width=\"thickmathspace\"></mspace>\n        <munder>\n          <mo>?</mo>\n          <mrow class=\"MJX-TeXAtom-ORD\">\n            <mi>i</mi>\n          </mrow>\n        </munder>\n        <msubsup>\n          <mi mathvariant=\"normal\">?</mi>\n          <mrow class=\"MJX-TeXAtom-ORD\">\n            <mi>i</mi>\n          </mrow>\n          <mrow class=\"MJX-TeXAtom-ORD\">\n            <mn>1</mn>\n          </mrow>\n        </msubsup>\n        <mo>?</mo>\n        <mo>…</mo>\n        <mo>?</mo>\n        <msubsup>\n          <mi mathvariant=\"normal\">?</mi>\n          <mrow class=\"MJX-TeXAtom-ORD\">\n            <mi>i</mi>\n          </mrow>\n          <mrow class=\"MJX-TeXAtom-ORD\">\n            <mi>n</mi>\n          </mrow>\n        </msubsup>\n      </mstyle>\n    </mrow>\n    <annotation encoding=\"application/x-tex\">{\\displaystyle \\;\\sum _{i}\\Omega _{i}^{1}\\otimes \\ldots \\otimes \\Omega _{i}^{n}}</annotation>\n  </semantics>\n</math></span><img src=\"https://wikimedia.org/api/rest_v1/media/math/render/svg/e3e79d748343d64e3da4e6206d22e8cf6b00ccf3\" class=\"mwe-math-fallback-image-inline\" aria-hidden=\"true\" style=\"vertical-align: -3.005ex; width:18.42ex; height:5.509ex;\" alt=\"\\;\\sum _{i}\\Omega _{i}^{1}\\otimes \\ldots \\otimes \\Omega _{i}^{n}\"></span> which are a straightforward generalization of the bipartite ones:\n</p>\n<dl><dd><span class=\"mwe-math-element\"><span class=\"mwe-math-mathml-inline mwe-math-mathml-a11y\" style=\"display: none;\"><math xmlns=\"http://www.w3.org/1998/Math/MathML\" alttext=\"{\\displaystyle \\;\\varrho _{A_{1}\\ldots A_{m}}\\to {\\frac {\\sum _{i}\\Omega _{i}^{1}\\otimes \\ldots \\otimes \\Omega _{i}^{n}\\varrho _{A_{1}\\ldots A_{m}}(\\Omega _{i}^{1}\\otimes \\ldots \\otimes \\Omega _{i}^{n})^{\\dagger }}{Tr[\\sum _{i}\\Omega _{i}^{1}\\otimes \\ldots \\otimes \\Omega _{i}^{n}\\varrho _{A_{1}\\ldots A_{m}}(\\Omega _{i}^{1}\\otimes \\ldots \\otimes \\Omega _{i}^{n})^{\\dagger }]}}.}\">\n  <semantics>\n    <mrow class=\"MJX-TeXAtom-ORD\">\n      <mstyle displaystyle=\"true\" scriptlevel=\"0\">\n        <mspace width=\"thickmathspace\"></mspace>\n        <msub>\n          <mi>?</mi>\n          <mrow class=\"MJX-TeXAtom-ORD\">\n            <msub>\n              <mi>A</mi>\n              <mrow class=\"MJX-TeXAtom-ORD\">\n                <mn>1</mn>\n              </mrow>\n            </msub>\n            <mo>…</mo>\n            <msub>\n              <mi>A</mi>\n              <mrow class=\"MJX-TeXAtom-ORD\">\n                <mi>m</mi>\n              </mrow>\n            </msub>\n          </mrow>\n        </msub>\n        <mo stretchy=\"false\">?</mo>\n        <mrow class=\"MJX-TeXAtom-ORD\">\n          <mfrac>\n            <mrow>\n              <munder>\n                <mo>?</mo>\n                <mrow class=\"MJX-TeXAtom-ORD\">\n                  <mi>i</mi>\n                </mrow>\n              </munder>\n              <msubsup>\n                <mi mathvariant=\"normal\">?</mi>\n                <mrow class=\"MJX-TeXAtom-ORD\">\n                  <mi>i</mi>\n                </mrow>\n                <mrow class=\"MJX-TeXAtom-ORD\">\n                  <mn>1</mn>\n                </mrow>\n              </msubsup>\n              <mo>?</mo>\n              <mo>…</mo>\n              <mo>?</mo>\n              <msubsup>\n                <mi mathvariant=\"normal\">?</mi>\n                <mrow class=\"MJX-TeXAtom-ORD\">\n                  <mi>i</mi>\n                </mrow>\n                <mrow class=\"MJX-TeXAtom-ORD\">\n                  <mi>n</mi>\n                </mrow>\n              </msubsup>\n              <msub>\n                <mi>?</mi>\n                <mrow class=\"MJX-TeXAtom-ORD\">\n                  <msub>\n                    <mi>A</mi>\n                    <mrow class=\"MJX-TeXAtom-ORD\">\n                      <mn>1</mn>\n                    </mrow>\n                  </msub>\n                  <mo>…</mo>\n                  <msub>\n                    <mi>A</mi>\n                    <mrow class=\"MJX-TeXAtom-ORD\">\n                      <mi>m</mi>\n                    </mrow>\n                  </msub>\n                </mrow>\n              </msub>\n              <mo stretchy=\"false\">(</mo>\n              <msubsup>\n                <mi mathvariant=\"normal\">?</mi>\n                <mrow class=\"MJX-TeXAtom-ORD\">\n                  <mi>i</mi>\n                </mrow>\n                <mrow class=\"MJX-TeXAtom-ORD\">\n                  <mn>1</mn>\n                </mrow>\n              </msubsup>\n              <mo>?</mo>\n              <mo>…</mo>\n              <mo>?</mo>\n              <msubsup>\n                <mi mathvariant=\"normal\">?</mi>\n                <mrow class=\"MJX-TeXAtom-ORD\">\n                  <mi>i</mi>\n                </mrow>\n                <mrow class=\"MJX-TeXAtom-ORD\">\n                  <mi>n</mi>\n                </mrow>\n              </msubsup>\n              <msup>\n                <mo stretchy=\"false\">)</mo>\n                <mrow class=\"MJX-TeXAtom-ORD\">\n                  <mo>†</mo>\n                </mrow>\n              </msup>\n            </mrow>\n            <mrow>\n              <mi>T</mi>\n              <mi>r</mi>\n              <mo stretchy=\"false\">[</mo>\n              <munder>\n                <mo>?</mo>\n                <mrow class=\"MJX-TeXAtom-ORD\">\n                  <mi>i</mi>\n                </mrow>\n              </munder>\n              <msubsup>\n                <mi mathvariant=\"normal\">?</mi>\n                <mrow class=\"MJX-TeXAtom-ORD\">\n                  <mi>i</mi>\n                </mrow>\n                <mrow class=\"MJX-TeXAtom-ORD\">\n                  <mn>1</mn>\n                </mrow>\n              </msubsup>\n              <mo>?</mo>\n              <mo>…</mo>\n              <mo>?</mo>\n              <msubsup>\n                <mi mathvariant=\"normal\">?</mi>\n                <mrow class=\"MJX-TeXAtom-ORD\">\n                  <mi>i</mi>\n                </mrow>\n                <mrow class=\"MJX-TeXAtom-ORD\">\n                  <mi>n</mi>\n                </mrow>\n              </msubsup>\n              <msub>\n                <mi>?</mi>\n                <mrow class=\"MJX-TeXAtom-ORD\">\n                  <msub>\n                    <mi>A</mi>\n                    <mrow class=\"MJX-TeXAtom-ORD\">\n                      <mn>1</mn>\n                    </mrow>\n                  </msub>\n                  <mo>…</mo>\n                  <msub>\n                    <mi>A</mi>\n                    <mrow class=\"MJX-TeXAtom-ORD\">\n                      <mi>m</mi>\n                    </mrow>\n                  </msub>\n                </mrow>\n              </msub>\n              <mo stretchy=\"false\">(</mo>\n              <msubsup>\n                <mi mathvariant=\"normal\">?</mi>\n                <mrow class=\"MJX-TeXAtom-ORD\">\n                  <mi>i</mi>\n                </mrow>\n                <mrow class=\"MJX-TeXAtom-ORD\">\n                  <mn>1</mn>\n                </mrow>\n              </msubsup>\n              <mo>?</mo>\n              <mo>…</mo>\n              <mo>?</mo>\n              <msubsup>\n                <mi mathvariant=\"normal\">?</mi>\n                <mrow class=\"MJX-TeXAtom-ORD\">\n                  <mi>i</mi>\n                </mrow>\n                <mrow class=\"MJX-TeXAtom-ORD\">\n                  <mi>n</mi>\n                </mrow>\n              </msubsup>\n              <msup>\n                <mo stretchy=\"false\">)</mo>\n                <mrow class=\"MJX-TeXAtom-ORD\">\n                  <mo>†</mo>\n                </mrow>\n              </msup>\n              <mo stretchy=\"false\">]</mo>\n            </mrow>\n          </mfrac>\n        </mrow>\n        <mo>.</mo>\n      </mstyle>\n    </mrow>\n    <annotation encoding=\"application/x-tex\">{\\displaystyle \\;\\varrho \n_{A_{1}\\ldots A_{m}}\\to {\\frac {\\sum _{i}\\Omega _{i}^{1}\\otimes \\ldots \n\\otimes \\Omega _{i}^{n}\\varrho _{A_{1}\\ldots A_{m}}(\\Omega \n_{i}^{1}\\otimes \\ldots \\otimes \\Omega _{i}^{n})^{\\dagger }}{Tr[\\sum \n_{i}\\Omega _{i}^{1}\\otimes \\ldots \\otimes \\Omega _{i}^{n}\\varrho \n_{A_{1}\\ldots A_{m}}(\\Omega _{i}^{1}\\otimes \\ldots \\otimes \\Omega \n_{i}^{n})^{\\dagger }]}}.}</annotation>\n  </semantics>\n</math></span><img src=\"https://wikimedia.org/api/rest_v1/media/math/render/svg/a0bb37e609a6cfe56a512e9be573e7471329e138\" class=\"mwe-math-fallback-image-inline\" aria-hidden=\"true\" style=\"vertical-align: -3.005ex; width:60.183ex; height:7.176ex;\" alt=\"\\;\\varrho _{{A_{1}\\ldots A_{m}}}\\to {\\frac  {\\sum _{i}\\Omega _{i}^{1}\\otimes \\ldots \\otimes \\Omega _{i}^{n}\\varrho _{{A_{1}\\ldots A_{m}}}(\\Omega _{i}^{1}\\otimes \\ldots \\otimes \\Omega _{i}^{n})^{\\dagger }}{Tr[\\sum _{i}\\Omega _{i}^{1}\\otimes \\ldots \\otimes \\Omega _{i}^{n}\\varrho _{{A_{1}\\ldots A_{m}}}(\\Omega _{i}^{1}\\otimes \\ldots \\otimes \\Omega _{i}^{n})^{\\dagger }]}}.\"></span><sup id=\"cite_ref-quantiki_1-2\" class=\"reference\"><a href=\"https://en.wikipedia.org/wiki/Multipartite_entanglement#cite_note-quantiki-1\">[1]</a></sup></dd></dl>\n<p>As mentioned above, though, in the multipartite setting we also have different notions of <b>partial separability</b>.<sup id=\"cite_ref-quantiki_1-3\" class=\"reference\"><a href=\"https://en.wikipedia.org/wiki/Multipartite_entanglement#cite_note-quantiki-1\">[1]</a></sup>\n</p><p><b>Definition [separability with respect to partitions]:</b> The state <span class=\"mwe-math-element\"><span class=\"mwe-math-mathml-inline mwe-math-mathml-a11y\" style=\"display: none;\"><math xmlns=\"http://www.w3.org/1998/Math/MathML\" alttext=\"{\\displaystyle \\;\\varrho _{A_{1}\\ldots A_{m}}}\">\n  <semantics>\n    <mrow class=\"MJX-TeXAtom-ORD\">\n      <mstyle displaystyle=\"true\" scriptlevel=\"0\">\n        <mspace width=\"thickmathspace\"></mspace>\n        <msub>\n          <mi>?</mi>\n          <mrow class=\"MJX-TeXAtom-ORD\">\n            <msub>\n              <mi>A</mi>\n              <mrow class=\"MJX-TeXAtom-ORD\">\n                <mn>1</mn>\n              </mrow>\n            </msub>\n            <mo>…</mo>\n            <msub>\n              <mi>A</mi>\n              <mrow class=\"MJX-TeXAtom-ORD\">\n                <mi>m</mi>\n              </mrow>\n            </msub>\n          </mrow>\n        </msub>\n      </mstyle>\n    </mrow>\n    <annotation encoding=\"application/x-tex\">{\\displaystyle \\;\\varrho _{A_{1}\\ldots A_{m}}}</annotation>\n  </semantics>\n</math></span><img src=\"https://wikimedia.org/api/rest_v1/media/math/render/svg/51339e2317d7bfd2e8cc5ff8512fb1b46de27f7f\" class=\"mwe-math-fallback-image-inline\" aria-hidden=\"true\" style=\"vertical-align: -1.005ex; width:8.637ex; height:2.343ex;\" alt=\"\\;\\varrho _{{A_{1}\\ldots A_{m}}}\"></span> of <span class=\"mwe-math-element\"><span class=\"mwe-math-mathml-inline mwe-math-mathml-a11y\" style=\"display: none;\"><math xmlns=\"http://www.w3.org/1998/Math/MathML\" alttext=\"{\\displaystyle \\;m}\">\n  <semantics>\n    <mrow class=\"MJX-TeXAtom-ORD\">\n      <mstyle displaystyle=\"true\" scriptlevel=\"0\">\n        <mspace width=\"thickmathspace\"></mspace>\n        <mi>m</mi>\n      </mstyle>\n    </mrow>\n    <annotation encoding=\"application/x-tex\">{\\displaystyle \\;m}</annotation>\n  </semantics>\n</math></span><img src=\"https://wikimedia.org/api/rest_v1/media/math/render/svg/d3c27e2965725e567b805b0c591a875ee5622f8b\" class=\"mwe-math-fallback-image-inline\" aria-hidden=\"true\" style=\"vertical-align: -0.338ex; width:2.686ex; height:1.676ex;\" alt=\"\\;m\"></span> subsystems <span class=\"mwe-math-element\"><span class=\"mwe-math-mathml-inline mwe-math-mathml-a11y\" style=\"display: none;\"><math xmlns=\"http://www.w3.org/1998/Math/MathML\" alttext=\"{\\displaystyle \\;A_{1},\\ldots ,A_{m}}\">\n  <semantics>\n    <mrow class=\"MJX-TeXAtom-ORD\">\n      <mstyle displaystyle=\"true\" scriptlevel=\"0\">\n        <mspace width=\"thickmathspace\"></mspace>\n        <msub>\n          <mi>A</mi>\n          <mrow class=\"MJX-TeXAtom-ORD\">\n            <mn>1</mn>\n          </mrow>\n        </msub>\n        <mo>,</mo>\n        <mo>…</mo>\n        <mo>,</mo>\n        <msub>\n          <mi>A</mi>\n          <mrow class=\"MJX-TeXAtom-ORD\">\n            <mi>m</mi>\n          </mrow>\n        </msub>\n      </mstyle>\n    </mrow>\n    <annotation encoding=\"application/x-tex\">{\\displaystyle \\;A_{1},\\ldots ,A_{m}}</annotation>\n  </semantics>\n</math></span><img src=\"https://wikimedia.org/api/rest_v1/media/math/render/svg/da7e13ed42437deca4d0727c624626e0e10a25fa\" class=\"mwe-math-fallback-image-inline\" aria-hidden=\"true\" style=\"vertical-align: -0.671ex; width:12.039ex; height:2.509ex;\" alt=\"\\;A_{1},\\ldots ,A_{m}\"></span> is <b>separable with respect to a given partition</b> <span class=\"mwe-math-element\"><span class=\"mwe-math-mathml-inline mwe-math-mathml-a11y\" style=\"display: none;\"><math xmlns=\"http://www.w3.org/1998/Math/MathML\" alttext=\"{\\displaystyle \\;\\{I_{1},\\ldots ,I_{k}\\}}\">\n  <semantics>\n    <mrow class=\"MJX-TeXAtom-ORD\">\n      <mstyle displaystyle=\"true\" scriptlevel=\"0\">\n        <mspace width=\"thickmathspace\"></mspace>\n        <mo fence=\"false\" stretchy=\"false\">{</mo>\n        <msub>\n          <mi>I</mi>\n          <mrow class=\"MJX-TeXAtom-ORD\">\n            <mn>1</mn>\n          </mrow>\n        </msub>\n        <mo>,</mo>\n        <mo>…</mo>\n        <mo>,</mo>\n        <msub>\n          <mi>I</mi>\n          <mrow class=\"MJX-TeXAtom-ORD\">\n            <mi>k</mi>\n          </mrow>\n        </msub>\n        <mo fence=\"false\" stretchy=\"false\">}</mo>\n      </mstyle>\n    </mrow>\n    <annotation encoding=\"application/x-tex\">{\\displaystyle \\;\\{I_{1},\\ldots ,I_{k}\\}}</annotation>\n  </semantics>\n</math></span><img src=\"https://wikimedia.org/api/rest_v1/media/math/render/svg/4069a5e69c03f382ca1241b810679aeab4c22d8c\" class=\"mwe-math-fallback-image-inline\" aria-hidden=\"true\" style=\"vertical-align: -0.838ex; width:12.337ex; height:2.843ex;\" alt=\"\\;\\{I_{1},\\ldots ,I_{k}\\}\"></span>, where <span class=\"mwe-math-element\"><span class=\"mwe-math-mathml-inline mwe-math-mathml-a11y\" style=\"display: none;\"><math xmlns=\"http://www.w3.org/1998/Math/MathML\" alttext=\"{\\displaystyle \\;I_{i}}\">\n  <semantics>\n    <mrow class=\"MJX-TeXAtom-ORD\">\n      <mstyle displaystyle=\"true\" scriptlevel=\"0\">\n        <mspace width=\"thickmathspace\"></mspace>\n        <msub>\n          <mi>I</mi>\n          <mrow class=\"MJX-TeXAtom-ORD\">\n            <mi>i</mi>\n          </mrow>\n        </msub>\n      </mstyle>\n    </mrow>\n    <annotation encoding=\"application/x-tex\">{\\displaystyle \\;I_{i}}</annotation>\n  </semantics>\n</math></span><img src=\"https://wikimedia.org/api/rest_v1/media/math/render/svg/cfec4f1d8c55b1c4f33fc86daf74e726ee7661e1\" class=\"mwe-math-fallback-image-inline\" aria-hidden=\"true\" style=\"vertical-align: -0.671ex; width:2.468ex; height:2.509ex;\" alt=\"\\;I_{i}\"></span> are disjoint subsets of the indices <span class=\"mwe-math-element\"><span class=\"mwe-math-mathml-inline mwe-math-mathml-a11y\" style=\"display: none;\"><math xmlns=\"http://www.w3.org/1998/Math/MathML\" alttext=\"{\\displaystyle \\;I=\\{1,\\ldots ,m\\},\\cup _{j=1}^{k}I_{j}=I}\">\n  <semantics>\n    <mrow class=\"MJX-TeXAtom-ORD\">\n      <mstyle displaystyle=\"true\" scriptlevel=\"0\">\n        <mspace width=\"thickmathspace\"></mspace>\n        <mi>I</mi>\n        <mo>=</mo>\n        <mo fence=\"false\" stretchy=\"false\">{</mo>\n        <mn>1</mn>\n        <mo>,</mo>\n        <mo>…</mo>\n        <mo>,</mo>\n        <mi>m</mi>\n        <mo fence=\"false\" stretchy=\"false\">}</mo>\n        <mo>,</mo>\n        <msubsup>\n          <mo>?</mo>\n          <mrow class=\"MJX-TeXAtom-ORD\">\n            <mi>j</mi>\n            <mo>=</mo>\n            <mn>1</mn>\n          </mrow>\n          <mrow class=\"MJX-TeXAtom-ORD\">\n            <mi>k</mi>\n          </mrow>\n        </msubsup>\n        <msub>\n          <mi>I</mi>\n          <mrow class=\"MJX-TeXAtom-ORD\">\n            <mi>j</mi>\n          </mrow>\n        </msub>\n        <mo>=</mo>\n        <mi>I</mi>\n      </mstyle>\n    </mrow>\n    <annotation encoding=\"application/x-tex\">{\\displaystyle \\;I=\\{1,\\ldots ,m\\},\\cup _{j=1}^{k}I_{j}=I}</annotation>\n  </semantics>\n</math></span><img src=\"https://wikimedia.org/api/rest_v1/media/math/render/svg/293f616e00e97682ba10a8640a76aca1e92232e2\" class=\"mwe-math-fallback-image-inline\" aria-hidden=\"true\" style=\"vertical-align: -1.338ex; width:27.419ex; height:3.509ex;\" alt=\"\\;I=\\{1,\\ldots ,m\\},\\cup _{{j=1}}^{k}I_{j}=I\"></span>, if and only if it can be written\n</p>\n<dl><dd><span class=\"mwe-math-element\"><span class=\"mwe-math-mathml-inline mwe-math-mathml-a11y\" style=\"display: none;\"><math xmlns=\"http://www.w3.org/1998/Math/MathML\" alttext=\"{\\displaystyle \\;\\varrho _{A_{1}\\ldots A_{m}}=\\sum _{i=1}^{N}p_{i}\\varrho _{1}^{i}\\otimes \\ldots \\otimes \\varrho _{k}^{i}.}\">\n  <semantics>\n    <mrow class=\"MJX-TeXAtom-ORD\">\n      <mstyle displaystyle=\"true\" scriptlevel=\"0\">\n        <mspace width=\"thickmathspace\"></mspace>\n        <msub>\n          <mi>?</mi>\n          <mrow class=\"MJX-TeXAtom-ORD\">\n            <msub>\n              <mi>A</mi>\n              <mrow class=\"MJX-TeXAtom-ORD\">\n                <mn>1</mn>\n              </mrow>\n            </msub>\n            <mo>…</mo>\n            <msub>\n              <mi>A</mi>\n              <mrow class=\"MJX-TeXAtom-ORD\">\n                <mi>m</mi>\n              </mrow>\n            </msub>\n          </mrow>\n        </msub>\n        <mo>=</mo>\n        <munderover>\n          <mo>?</mo>\n          <mrow class=\"MJX-TeXAtom-ORD\">\n            <mi>i</mi>\n            <mo>=</mo>\n            <mn>1</mn>\n          </mrow>\n          <mrow class=\"MJX-TeXAtom-ORD\">\n            <mi>N</mi>\n          </mrow>\n        </munderover>\n        <msub>\n          <mi>p</mi>\n          <mrow class=\"MJX-TeXAtom-ORD\">\n            <mi>i</mi>\n          </mrow>\n        </msub>\n        <msubsup>\n          <mi>?</mi>\n          <mrow class=\"MJX-TeXAtom-ORD\">\n            <mn>1</mn>\n          </mrow>\n          <mrow class=\"MJX-TeXAtom-ORD\">\n            <mi>i</mi>\n          </mrow>\n        </msubsup>\n        <mo>?</mo>\n        <mo>…</mo>\n        <mo>?</mo>\n        <msubsup>\n          <mi>?</mi>\n          <mrow class=\"MJX-TeXAtom-ORD\">\n            <mi>k</mi>\n          </mrow>\n          <mrow class=\"MJX-TeXAtom-ORD\">\n            <mi>i</mi>\n          </mrow>\n        </msubsup>\n        <mo>.</mo>\n      </mstyle>\n    </mrow>\n    <annotation encoding=\"application/x-tex\">{\\displaystyle \\;\\varrho _{A_{1}\\ldots A_{m}}=\\sum _{i=1}^{N}p_{i}\\varrho _{1}^{i}\\otimes \\ldots \\otimes \\varrho _{k}^{i}.}</annotation>\n  </semantics>\n</math></span><img src=\"https://wikimedia.org/api/rest_v1/media/math/render/svg/f5da0b77499c28d2fa39e3c27c8e96b3153fb01d\" class=\"mwe-math-fallback-image-inline\" aria-hidden=\"true\" style=\"vertical-align: -3.005ex; width:31.045ex; height:7.343ex;\" alt=\"\\;\\varrho _{{A_{1}\\ldots A_{m}}}=\\sum _{{i=1}}^{N}p_{i}\\varrho _{1}^{i}\\otimes \\ldots \\otimes \\varrho _{k}^{i}.\"></span><sup id=\"cite_ref-quantiki_1-4\" class=\"reference\"><a href=\"https://en.wikipedia.org/wiki/Multipartite_entanglement#cite_note-quantiki-1\">[1]</a></sup></dd></dl>\n<p><b>Definition [semiseparability]:</b> The state <span class=\"mwe-math-element\"><span class=\"mwe-math-mathml-inline mwe-math-mathml-a11y\" style=\"display: none;\"><math xmlns=\"http://www.w3.org/1998/Math/MathML\" alttext=\"{\\displaystyle \\;\\varrho _{A_{1}\\ldots A_{m}}}\">\n  <semantics>\n    <mrow class=\"MJX-TeXAtom-ORD\">\n      <mstyle displaystyle=\"true\" scriptlevel=\"0\">\n        <mspace width=\"thickmathspace\"></mspace>\n        <msub>\n          <mi>?</mi>\n          <mrow class=\"MJX-TeXAtom-ORD\">\n            <msub>\n              <mi>A</mi>\n              <mrow class=\"MJX-TeXAtom-ORD\">\n                <mn>1</mn>\n              </mrow>\n            </msub>\n            <mo>…</mo>\n            <msub>\n              <mi>A</mi>\n              <mrow class=\"MJX-TeXAtom-ORD\">\n                <mi>m</mi>\n              </mrow>\n            </msub>\n          </mrow>\n        </msub>\n      </mstyle>\n    </mrow>\n    <annotation encoding=\"application/x-tex\">{\\displaystyle \\;\\varrho _{A_{1}\\ldots A_{m}}}</annotation>\n  </semantics>\n</math></span><img src=\"https://wikimedia.org/api/rest_v1/media/math/render/svg/51339e2317d7bfd2e8cc5ff8512fb1b46de27f7f\" class=\"mwe-math-fallback-image-inline\" aria-hidden=\"true\" style=\"vertical-align: -1.005ex; width:8.637ex; height:2.343ex;\" alt=\"\\;\\varrho _{{A_{1}\\ldots A_{m}}}\"></span> is <b>semiseparable</b> if and only if it is <b>separable under all <span class=\"mwe-math-element\"><span class=\"mwe-math-mathml-inline mwe-math-mathml-a11y\" style=\"display: none;\"><math xmlns=\"http://www.w3.org/1998/Math/MathML\" alttext=\"{\\displaystyle \\;1}\">\n  <semantics>\n    <mrow class=\"MJX-TeXAtom-ORD\">\n      <mstyle displaystyle=\"true\" scriptlevel=\"0\">\n        <mspace width=\"thickmathspace\"></mspace>\n        <mn>1</mn>\n      </mstyle>\n    </mrow>\n    <annotation encoding=\"application/x-tex\">{\\displaystyle \\;1}</annotation>\n  </semantics>\n</math></span><img src=\"https://wikimedia.org/api/rest_v1/media/math/render/svg/3aaa1f41bf06c9b6980d8c9f2a2f189eab1f57e0\" class=\"mwe-math-fallback-image-inline\" aria-hidden=\"true\" style=\"vertical-align: -0.338ex; width:1.808ex; height:2.176ex;\" alt=\"\\;1\"></span>-<span class=\"mwe-math-element\"><span class=\"mwe-math-mathml-inline mwe-math-mathml-a11y\" style=\"display: none;\"><math xmlns=\"http://www.w3.org/1998/Math/MathML\" alttext=\"{\\displaystyle \\;(m-1)}\">\n  <semantics>\n    <mrow class=\"MJX-TeXAtom-ORD\">\n      <mstyle displaystyle=\"true\" scriptlevel=\"0\">\n        <mspace width=\"thickmathspace\"></mspace>\n        <mo stretchy=\"false\">(</mo>\n        <mi>m</mi>\n        <mo>?</mo>\n        <mn>1</mn>\n        <mo stretchy=\"false\">)</mo>\n      </mstyle>\n    </mrow>\n    <annotation encoding=\"application/x-tex\">{\\displaystyle \\;(m-1)}</annotation>\n  </semantics>\n</math></span><img src=\"https://wikimedia.org/api/rest_v1/media/math/render/svg/31b17f5aa3460400df7b89c6da960ece5cef1cd5\" class=\"mwe-math-fallback-image-inline\" aria-hidden=\"true\" style=\"vertical-align: -0.838ex; width:8.498ex; height:2.843ex;\" alt=\"\\;(m-1)\"></span> partitions</b>, <span class=\"mwe-math-element\"><span class=\"mwe-math-mathml-inline mwe-math-mathml-a11y\" style=\"display: none;\"><math xmlns=\"http://www.w3.org/1998/Math/MathML\" alttext=\"{\\displaystyle \\;{\\big \\{}I_{1}=\\{k\\},I_{2}=\\{1,\\ldots ,k-1,k+1,\\ldots ,m\\}{\\big \\}},1\\leq k\\leq m}\">\n  <semantics>\n    <mrow class=\"MJX-TeXAtom-ORD\">\n      <mstyle displaystyle=\"true\" scriptlevel=\"0\">\n        <mspace width=\"thickmathspace\"></mspace>\n        <mrow class=\"MJX-TeXAtom-ORD\">\n          <mrow class=\"MJX-TeXAtom-ORD\">\n            <mo maxsize=\"1.2em\" minsize=\"1.2em\">{</mo>\n          </mrow>\n        </mrow>\n        <msub>\n          <mi>I</mi>\n          <mrow class=\"MJX-TeXAtom-ORD\">\n            <mn>1</mn>\n          </mrow>\n        </msub>\n        <mo>=</mo>\n        <mo fence=\"false\" stretchy=\"false\">{</mo>\n        <mi>k</mi>\n        <mo fence=\"false\" stretchy=\"false\">}</mo>\n        <mo>,</mo>\n        <msub>\n          <mi>I</mi>\n          <mrow class=\"MJX-TeXAtom-ORD\">\n            <mn>2</mn>\n          </mrow>\n        </msub>\n        <mo>=</mo>\n        <mo fence=\"false\" stretchy=\"false\">{</mo>\n        <mn>1</mn>\n        <mo>,</mo>\n        <mo>…</mo>\n        <mo>,</mo>\n        <mi>k</mi>\n        <mo>?</mo>\n        <mn>1</mn>\n        <mo>,</mo>\n        <mi>k</mi>\n        <mo>+</mo>\n        <mn>1</mn>\n        <mo>,</mo>\n        <mo>…</mo>\n        <mo>,</mo>\n        <mi>m</mi>\n        <mo fence=\"false\" stretchy=\"false\">}</mo>\n        <mrow class=\"MJX-TeXAtom-ORD\">\n          <mrow class=\"MJX-TeXAtom-ORD\">\n            <mo maxsize=\"1.2em\" minsize=\"1.2em\">}</mo>\n          </mrow>\n        </mrow>\n        <mo>,</mo>\n        <mn>1</mn>\n        <mo>?</mo>\n        <mi>k</mi>\n        <mo>?</mo>\n        <mi>m</mi>\n      </mstyle>\n    </mrow>\n    <annotation encoding=\"application/x-tex\">{\\displaystyle \\;{\\big \\{}I_{1}=\\{k\\},I_{2}=\\{1,\\ldots ,k-1,k+1,\\ldots ,m\\}{\\big \\}},1\\leq k\\leq m}</annotation>\n  </semantics>\n</math></span><img src=\"https://wikimedia.org/api/rest_v1/media/math/render/svg/6b010bbaae96c6d1c5b10583dbb7c467afdb3521\" class=\"mwe-math-fallback-image-inline\" aria-hidden=\"true\" style=\"vertical-align: -1.005ex; width:57.269ex; height:3.176ex;\" alt=\"\\;{\\big \\{}I_{1}=\\{k\\},I_{2}=\\{1,\\ldots ,k-1,k+1,\\ldots ,m\\}{\\big \\}},1\\leq k\\leq m\"></span>.<sup id=\"cite_ref-quantiki_1-5\" class=\"reference\"><a href=\"https://en.wikipedia.org/wiki/Multipartite_entanglement#cite_note-quantiki-1\">[1]</a></sup>\n</p><p><b>Definition [s-particle entanglement]:</b> An <span class=\"mwe-math-element\"><span class=\"mwe-math-mathml-inline mwe-math-mathml-a11y\" style=\"display: none;\"><math xmlns=\"http://www.w3.org/1998/Math/MathML\" alttext=\"{\\displaystyle \\;m}\">\n  <semantics>\n    <mrow class=\"MJX-TeXAtom-ORD\">\n      <mstyle displaystyle=\"true\" scriptlevel=\"0\">\n        <mspace width=\"thickmathspace\"></mspace>\n        <mi>m</mi>\n      </mstyle>\n    </mrow>\n    <annotation encoding=\"application/x-tex\">{\\displaystyle \\;m}</annotation>\n  </semantics>\n</math></span><img src=\"https://wikimedia.org/api/rest_v1/media/math/render/svg/d3c27e2965725e567b805b0c591a875ee5622f8b\" class=\"mwe-math-fallback-image-inline\" aria-hidden=\"true\" style=\"vertical-align: -0.338ex; width:2.686ex; height:1.676ex;\" alt=\"\\;m\"></span>-particle system can have at most <b><span class=\"mwe-math-element\"><span class=\"mwe-math-mathml-inline mwe-math-mathml-a11y\" style=\"display: none;\"><math xmlns=\"http://www.w3.org/1998/Math/MathML\" alttext=\"{\\displaystyle \\;s}\">\n  <semantics>\n    <mrow class=\"MJX-TeXAtom-ORD\">\n      <mstyle displaystyle=\"true\" scriptlevel=\"0\">\n        <mspace width=\"thickmathspace\"></mspace>\n        <mi>s</mi>\n      </mstyle>\n    </mrow>\n    <annotation encoding=\"application/x-tex\">{\\displaystyle \\;s}</annotation>\n  </semantics>\n</math></span><img src=\"https://wikimedia.org/api/rest_v1/media/math/render/svg/b63438bb3cb4bdf68eb7a638f4200f3cba9eefcc\" class=\"mwe-math-fallback-image-inline\" aria-hidden=\"true\" style=\"vertical-align: -0.338ex; width:1.736ex; height:1.676ex;\" alt=\"\\;s\"></span>-particle entanglement</b> if it is a mixture of all states such that each of them is separable with respect to some partition <span class=\"mwe-math-element\"><span class=\"mwe-math-mathml-inline mwe-math-mathml-a11y\" style=\"display: none;\"><math xmlns=\"http://www.w3.org/1998/Math/MathML\" alttext=\"{\\displaystyle \\;\\{I_{1},\\ldots ,I_{k}\\}}\">\n  <semantics>\n    <mrow class=\"MJX-TeXAtom-ORD\">\n      <mstyle displaystyle=\"true\" scriptlevel=\"0\">\n        <mspace width=\"thickmathspace\"></mspace>\n        <mo fence=\"false\" stretchy=\"false\">{</mo>\n        <msub>\n          <mi>I</mi>\n          <mrow class=\"MJX-TeXAtom-ORD\">\n            <mn>1</mn>\n          </mrow>\n        </msub>\n        <mo>,</mo>\n        <mo>…</mo>\n        <mo>,</mo>\n        <msub>\n          <mi>I</mi>\n          <mrow class=\"MJX-TeXAtom-ORD\">\n            <mi>k</mi>\n          </mrow>\n        </msub>\n        <mo fence=\"false\" stretchy=\"false\">}</mo>\n      </mstyle>\n    </mrow>\n    <annotation encoding=\"application/x-tex\">{\\displaystyle \\;\\{I_{1},\\ldots ,I_{k}\\}}</annotation>\n  </semantics>\n</math></span><img src=\"https://wikimedia.org/api/rest_v1/media/math/render/svg/4069a5e69c03f382ca1241b810679aeab4c22d8c\" class=\"mwe-math-fallback-image-inline\" aria-hidden=\"true\" style=\"vertical-align: -0.838ex; width:12.337ex; height:2.843ex;\" alt=\"\\;\\{I_{1},\\ldots ,I_{k}\\}\"></span>, where all sets of indices <span class=\"mwe-math-element\"><span class=\"mwe-math-mathml-inline mwe-math-mathml-a11y\" style=\"display: none;\"><math xmlns=\"http://www.w3.org/1998/Math/MathML\" alttext=\"{\\displaystyle \\;I_{k}}\">\n  <semantics>\n    <mrow class=\"MJX-TeXAtom-ORD\">\n      <mstyle displaystyle=\"true\" scriptlevel=\"0\">\n        <mspace width=\"thickmathspace\"></mspace>\n        <msub>\n          <mi>I</mi>\n          <mrow class=\"MJX-TeXAtom-ORD\">\n            <mi>k</mi>\n          </mrow>\n        </msub>\n      </mstyle>\n    </mrow>\n    <annotation encoding=\"application/x-tex\">{\\displaystyle \\;I_{k}}</annotation>\n  </semantics>\n</math></span><img src=\"https://wikimedia.org/api/rest_v1/media/math/render/svg/1392f23059459b89c163ec241f3e58e24af8fbda\" class=\"mwe-math-fallback-image-inline\" aria-hidden=\"true\" style=\"vertical-align: -0.671ex; width:2.757ex; height:2.509ex;\" alt=\"\\;I_{k}\"></span> have cardinality <span class=\"mwe-math-element\"><span class=\"mwe-math-mathml-inline mwe-math-mathml-a11y\" style=\"display: none;\"><math xmlns=\"http://www.w3.org/1998/Math/MathML\" alttext=\"{\\displaystyle \\;N\\leq s}\">\n  <semantics>\n    <mrow class=\"MJX-TeXAtom-ORD\">\n      <mstyle displaystyle=\"true\" scriptlevel=\"0\">\n        <mspace width=\"thickmathspace\"></mspace>\n        <mi>N</mi>\n        <mo>?</mo>\n        <mi>s</mi>\n      </mstyle>\n    </mrow>\n    <annotation encoding=\"application/x-tex\">{\\displaystyle \\;N\\leq s}</annotation>\n  </semantics>\n</math></span><img src=\"https://wikimedia.org/api/rest_v1/media/math/render/svg/651fd24c411319f1a2f21fac80e9d0234d895f55\" class=\"mwe-math-fallback-image-inline\" aria-hidden=\"true\" style=\"vertical-align: -0.505ex; width:6.898ex; height:2.343ex;\" alt=\"\\;N\\leq s\"></span></p><h3><span class=\"mw-headline\" id=\"Pure_states\">Pure states</span></h3><p>An equivalent definition to Full m-partite separability is given as follows: The pure state <span class=\"mwe-math-element\"><span class=\"mwe-math-mathml-inline mwe-math-mathml-a11y\" style=\"display: none;\"><math xmlns=\"http://www.w3.org/1998/Math/MathML\" alttext=\"{\\displaystyle |\\Psi _{A_{1}\\ldots A_{m}}\\rangle }\">\n  <semantics>\n    <mrow class=\"MJX-TeXAtom-ORD\">\n      <mstyle displaystyle=\"true\" scriptlevel=\"0\">\n        <mrow class=\"MJX-TeXAtom-ORD\">\n          <mo stretchy=\"false\">|</mo>\n        </mrow>\n        <msub>\n          <mi mathvariant=\"normal\">?</mi>\n          <mrow class=\"MJX-TeXAtom-ORD\">\n            <msub>\n              <mi>A</mi>\n              <mrow class=\"MJX-TeXAtom-ORD\">\n                <mn>1</mn>\n              </mrow>\n            </msub>\n            <mo>…</mo>\n            <msub>\n              <mi>A</mi>\n              <mrow class=\"MJX-TeXAtom-ORD\">\n                <mi>m</mi>\n              </mrow>\n            </msub>\n          </mrow>\n        </msub>\n        <mo fence=\"false\" stretchy=\"false\">?</mo>\n      </mstyle>\n    </mrow>\n    <annotation encoding=\"application/x-tex\">{\\displaystyle |\\Psi _{A_{1}\\ldots A_{m}}\\rangle }</annotation>\n  </semantics>\n</math></span><img src=\"https://wikimedia.org/api/rest_v1/media/math/render/svg/cce704bd3ec3d355aaa92f04b1c53f876a5d55d6\" class=\"mwe-math-fallback-image-inline\" aria-hidden=\"true\" style=\"vertical-align: -1.005ex; width:10.15ex; height:3.009ex;\" alt=\"|\\Psi _{{A_{1}\\ldots A_{m}}}\\rangle \"></span> of <span class=\"mwe-math-element\"><span class=\"mwe-math-mathml-inline mwe-math-mathml-a11y\" style=\"display: none;\"><math xmlns=\"http://www.w3.org/1998/Math/MathML\" alttext=\"{\\displaystyle \\;m}\">\n  <semantics>\n    <mrow class=\"MJX-TeXAtom-ORD\">\n      <mstyle displaystyle=\"true\" scriptlevel=\"0\">\n        <mspace width=\"thickmathspace\"></mspace>\n        <mi>m</mi>\n      </mstyle>\n    </mrow>\n    <annotation encoding=\"application/x-tex\">{\\displaystyle \\;m}</annotation>\n  </semantics>\n</math></span><img src=\"https://wikimedia.org/api/rest_v1/media/math/render/svg/d3c27e2965725e567b805b0c591a875ee5622f8b\" class=\"mwe-math-fallback-image-inline\" aria-hidden=\"true\" style=\"vertical-align: -0.338ex; width:2.686ex; height:1.676ex;\" alt=\"\\;m\"></span> subsystems <span class=\"mwe-math-element\"><span class=\"mwe-math-mathml-inline mwe-math-mathml-a11y\" style=\"display: none;\"><math xmlns=\"http://www.w3.org/1998/Math/MathML\" alttext=\"{\\displaystyle \\;A_{1},\\ldots ,A_{m}}\">\n  <semantics>\n    <mrow class=\"MJX-TeXAtom-ORD\">\n      <mstyle displaystyle=\"true\" scriptlevel=\"0\">\n        <mspace width=\"thickmathspace\"></mspace>\n        <msub>\n          <mi>A</mi>\n          <mrow class=\"MJX-TeXAtom-ORD\">\n            <mn>1</mn>\n          </mrow>\n        </msub>\n        <mo>,</mo>\n        <mo>…</mo>\n        <mo>,</mo>\n        <msub>\n          <mi>A</mi>\n          <mrow class=\"MJX-TeXAtom-ORD\">\n            <mi>m</mi>\n          </mrow>\n        </msub>\n      </mstyle>\n    </mrow>\n    <annotation encoding=\"application/x-tex\">{\\displaystyle \\;A_{1},\\ldots ,A_{m}}</annotation>\n  </semantics>\n</math></span><img src=\"https://wikimedia.org/api/rest_v1/media/math/render/svg/da7e13ed42437deca4d0727c624626e0e10a25fa\" class=\"mwe-math-fallback-image-inline\" aria-hidden=\"true\" style=\"vertical-align: -0.671ex; width:12.039ex; height:2.509ex;\" alt=\"\\;A_{1},\\ldots ,A_{m}\"></span> is <b>fully <span class=\"mwe-math-element\"><span class=\"mwe-math-mathml-inline mwe-math-mathml-a11y\" style=\"display: none;\"><math xmlns=\"http://www.w3.org/1998/Math/MathML\" alttext=\"{\\displaystyle \\;m}\">\n  <semantics>\n    <mrow class=\"MJX-TeXAtom-ORD\">\n      <mstyle displaystyle=\"true\" scriptlevel=\"0\">\n        <mspace width=\"thickmathspace\"></mspace>\n        <mi>m</mi>\n      </mstyle>\n    </mrow>\n    <annotation encoding=\"application/x-tex\">{\\displaystyle \\;m}</annotation>\n  </semantics>\n</math></span><img src=\"https://wikimedia.org/api/rest_v1/media/math/render/svg/d3c27e2965725e567b805b0c591a875ee5622f8b\" class=\"mwe-math-fallback-image-inline\" aria-hidden=\"true\" style=\"vertical-align: -0.338ex; width:2.686ex; height:1.676ex;\" alt=\"\\;m\"></span>-partite separable</b> if and only if it can be written\n</p>\n<dl><dd><span class=\"mwe-math-element\"><span class=\"mwe-math-mathml-inline mwe-math-mathml-a11y\" style=\"display: none;\"><math xmlns=\"http://www.w3.org/1998/Math/MathML\" alttext=\"{\\displaystyle \\;|\\Psi _{A_{1}\\ldots A_{m}}\\rangle =|\\psi _{A_{1}}\\rangle \\otimes \\ldots \\otimes |\\psi _{A_{m}}\\rangle .}\">\n  <semantics>\n    <mrow class=\"MJX-TeXAtom-ORD\">\n      <mstyle displaystyle=\"true\" scriptlevel=\"0\">\n        <mspace width=\"thickmathspace\"></mspace>\n        <mrow class=\"MJX-TeXAtom-ORD\">\n          <mo stretchy=\"false\">|</mo>\n        </mrow>\n        <msub>\n          <mi mathvariant=\"normal\">?</mi>\n          <mrow class=\"MJX-TeXAtom-ORD\">\n            <msub>\n              <mi>A</mi>\n              <mrow class=\"MJX-TeXAtom-ORD\">\n                <mn>1</mn>\n              </mrow>\n            </msub>\n            <mo>…</mo>\n            <msub>\n              <mi>A</mi>\n              <mrow class=\"MJX-TeXAtom-ORD\">\n                <mi>m</mi>\n              </mrow>\n            </msub>\n          </mrow>\n        </msub>\n        <mo fence=\"false\" stretchy=\"false\">?</mo>\n        <mo>=</mo>\n        <mrow class=\"MJX-TeXAtom-ORD\">\n          <mo stretchy=\"false\">|</mo>\n        </mrow>\n        <msub>\n          <mi>?</mi>\n          <mrow class=\"MJX-TeXAtom-ORD\">\n            <msub>\n              <mi>A</mi>\n              <mrow class=\"MJX-TeXAtom-ORD\">\n                <mn>1</mn>\n              </mrow>\n            </msub>\n          </mrow>\n        </msub>\n        <mo fence=\"false\" stretchy=\"false\">?</mo>\n        <mo>?</mo>\n        <mo>…</mo>\n        <mo>?</mo>\n        <mrow class=\"MJX-TeXAtom-ORD\">\n          <mo stretchy=\"false\">|</mo>\n        </mrow>\n        <msub>\n          <mi>?</mi>\n          <mrow class=\"MJX-TeXAtom-ORD\">\n            <msub>\n              <mi>A</mi>\n              <mrow class=\"MJX-TeXAtom-ORD\">\n                <mi>m</mi>\n              </mrow>\n            </msub>\n          </mrow>\n        </msub>\n        <mo fence=\"false\" stretchy=\"false\">?</mo>\n        <mo>.</mo>\n      </mstyle>\n    </mrow>\n    <annotation encoding=\"application/x-tex\">{\\displaystyle \\;|\\Psi _{A_{1}\\ldots A_{m}}\\rangle =|\\psi _{A_{1}}\\rangle \\otimes \\ldots \\otimes |\\psi _{A_{m}}\\rangle .}</annotation>\n  </semantics>\n</math></span><img src=\"https://wikimedia.org/api/rest_v1/media/math/render/svg/21708f458c130ac57e3ca400b9486f86c961714c\" class=\"mwe-math-fallback-image-inline\" aria-hidden=\"true\" style=\"vertical-align: -1.005ex; width:34.17ex; height:3.009ex;\" alt=\"\\;|\\Psi _{{A_{1}\\ldots A_{m}}}\\rangle =|\\psi _{{A_{1}}}\\rangle \\otimes \\ldots \\otimes |\\psi _{{A_{m}}}\\rangle .\"></span><sup id=\"cite_ref-quantiki_1-7\" class=\"reference\"><a href=\"https://en.wikipedia.org/wiki/Multipartite_entanglement#cite_note-quantiki-1\">[1]</a></sup></dd></dl>\n<p>In order to check this, it is enough to compute reduced density \nmatrices of elementary subsystems and see whether they are pure. \nHowever, this cannot be done so easily in the multipartite case, as only\n rarely multipartite pure states admit the <i><a href=\"https://en.wikipedia.org/w/index.php?title=Bipartite_states_and_Schmidt_Decomposition&amp;action=edit&amp;redlink=1\" class=\"new\" title=\"Bipartite states and Schmidt Decomposition (page does not exist)\">generalized Schmidt Decomposition</a></i> <span class=\"mwe-math-element\"><span class=\"mwe-math-mathml-inline mwe-math-mathml-a11y\" style=\"display: none;\"><math xmlns=\"http://www.w3.org/1998/Math/MathML\" alttext=\"{\\displaystyle \\;|\\Psi _{A_{1}\\ldots A_{m}}\\rangle =\\sum _{i=1}^{min\\{d_{A_{1}},\\ldots ,d_{A_{m}}\\}}a_{i}|e_{A_{1}}^{i}\\rangle \\otimes \\ldots \\otimes |e_{A_{m}}^{i}\\rangle }\">\n  <semantics>\n    <mrow class=\"MJX-TeXAtom-ORD\">\n      <mstyle displaystyle=\"true\" scriptlevel=\"0\">\n        <mspace width=\"thickmathspace\"></mspace>\n        <mrow class=\"MJX-TeXAtom-ORD\">\n          <mo stretchy=\"false\">|</mo>\n        </mrow>\n        <msub>\n          <mi mathvariant=\"normal\">?</mi>\n          <mrow class=\"MJX-TeXAtom-ORD\">\n            <msub>\n              <mi>A</mi>\n              <mrow class=\"MJX-TeXAtom-ORD\">\n                <mn>1</mn>\n              </mrow>\n            </msub>\n            <mo>…</mo>\n            <msub>\n              <mi>A</mi>\n              <mrow class=\"MJX-TeXAtom-ORD\">\n                <mi>m</mi>\n              </mrow>\n            </msub>\n          </mrow>\n        </msub>\n        <mo fence=\"false\" stretchy=\"false\">?</mo>\n        <mo>=</mo>\n        <munderover>\n          <mo>?</mo>\n          <mrow class=\"MJX-TeXAtom-ORD\">\n            <mi>i</mi>\n            <mo>=</mo>\n            <mn>1</mn>\n          </mrow>\n          <mrow class=\"MJX-TeXAtom-ORD\">\n            <mi>m</mi>\n            <mi>i</mi>\n            <mi>n</mi>\n            <mo fence=\"false\" stretchy=\"false\">{</mo>\n            <msub>\n              <mi>d</mi>\n              <mrow class=\"MJX-TeXAtom-ORD\">\n                <msub>\n                  <mi>A</mi>\n                  <mrow class=\"MJX-TeXAtom-ORD\">\n                    <mn>1</mn>\n                  </mrow>\n                </msub>\n              </mrow>\n            </msub>\n            <mo>,</mo>\n            <mo>…</mo>\n            <mo>,</mo>\n            <msub>\n              <mi>d</mi>\n              <mrow class=\"MJX-TeXAtom-ORD\">\n                <msub>\n                  <mi>A</mi>\n                  <mrow class=\"MJX-TeXAtom-ORD\">\n                    <mi>m</mi>\n                  </mrow>\n                </msub>\n              </mrow>\n            </msub>\n            <mo fence=\"false\" stretchy=\"false\">}</mo>\n          </mrow>\n        </munderover>\n        <msub>\n          <mi>a</mi>\n          <mrow class=\"MJX-TeXAtom-ORD\">\n            <mi>i</mi>\n          </mrow>\n        </msub>\n        <mrow class=\"MJX-TeXAtom-ORD\">\n          <mo stretchy=\"false\">|</mo>\n        </mrow>\n        <msubsup>\n          <mi>e</mi>\n          <mrow class=\"MJX-TeXAtom-ORD\">\n            <msub>\n              <mi>A</mi>\n              <mrow class=\"MJX-TeXAtom-ORD\">\n                <mn>1</mn>\n              </mrow>\n            </msub>\n          </mrow>\n          <mrow class=\"MJX-TeXAtom-ORD\">\n            <mi>i</mi>\n          </mrow>\n        </msubsup>\n        <mo fence=\"false\" stretchy=\"false\">?</mo>\n        <mo>?</mo>\n        <mo>…</mo>\n        <mo>?</mo>\n        <mrow class=\"MJX-TeXAtom-ORD\">\n          <mo stretchy=\"false\">|</mo>\n        </mrow>\n        <msubsup>\n          <mi>e</mi>\n          <mrow class=\"MJX-TeXAtom-ORD\">\n            <msub>\n              <mi>A</mi>\n              <mrow class=\"MJX-TeXAtom-ORD\">\n                <mi>m</mi>\n              </mrow>\n            </msub>\n          </mrow>\n          <mrow class=\"MJX-TeXAtom-ORD\">\n            <mi>i</mi>\n          </mrow>\n        </msubsup>\n        <mo fence=\"false\" stretchy=\"false\">?</mo>\n      </mstyle>\n    </mrow>\n    <annotation encoding=\"application/x-tex\">{\\displaystyle \\;|\\Psi \n_{A_{1}\\ldots A_{m}}\\rangle =\\sum _{i=1}^{min\\{d_{A_{1}},\\ldots \n,d_{A_{m}}\\}}a_{i}|e_{A_{1}}^{i}\\rangle \\otimes \\ldots \\otimes \n|e_{A_{m}}^{i}\\rangle }</annotation>\n  </semantics>\n</math></span><img src=\"https://wikimedia.org/api/rest_v1/media/math/render/svg/fb0ef0be00f76ad9f94ef56fc8c413b63bf465b6\" class=\"mwe-math-fallback-image-inline\" aria-hidden=\"true\" style=\"vertical-align: -3.005ex; width:48.706ex; height:8.009ex;\" alt=\"\\;|\\Psi _{{A_{1}\\ldots A_{m}}}\\rangle =\\sum _{{i=1}}^{{min\\{d_{{A_{1}}},\\ldots ,d_{{A_{m}}}\\}}}a_{i}|e_{{A_{1}}}^{i}\\rangle \\otimes \\ldots \\otimes |e_{{A_{m}}}^{i}\\rangle \"></span>.\n A multipartite state admits generalized Schmidt decomposition if, \ntracing out any subsystem, the rest is in a fully separable state. \nThus, in general the entanglement of a pure state is described by the \nspectra of the reduced density matrices of all bipartite partitions: the\n state is <b>genuinely <span class=\"mwe-math-element\"><span class=\"mwe-math-mathml-inline mwe-math-mathml-a11y\" style=\"display: none;\"><math xmlns=\"http://www.w3.org/1998/Math/MathML\" alttext=\"{\\displaystyle \\;m}\">\n  <semantics>\n    <mrow class=\"MJX-TeXAtom-ORD\">\n      <mstyle displaystyle=\"true\" scriptlevel=\"0\">\n        <mspace width=\"thickmathspace\"></mspace>\n        <mi>m</mi>\n      </mstyle>\n    </mrow>\n    <annotation encoding=\"application/x-tex\">{\\displaystyle \\;m}</annotation>\n  </semantics>\n</math></span><img src=\"https://wikimedia.org/api/rest_v1/media/math/render/svg/d3c27e2965725e567b805b0c591a875ee5622f8b\" class=\"mwe-math-fallback-image-inline\" aria-hidden=\"true\" style=\"vertical-align: -0.338ex; width:2.686ex; height:1.676ex;\" alt=\"\\;m\"></span>-partite entangled</b> if and only if all bipartite partitions produce mixed reduced density matrices.<sup id=\"cite_ref-quantiki_1-8\" class=\"reference\"><a href=\"https://en.wikipedia.org/wiki/Multipartite_entanglement#cite_note-quantiki-1\">[1]</a></sup>\n</p>\n<h3><span class=\"mw-headline\" id=\"Mixed_states\">Mixed states</span></h3><p>In the multipartite case there is no simple necessary and sufficient condition for separability like the one given by the <a href=\"https://en.wikipedia.org/wiki/Peres%E2%80%93Horodecki_criterion\" title=\"Peres–Horodecki criterion\">PPT criterion</a> for the <span class=\"mwe-math-element\"><span class=\"mwe-math-mathml-inline mwe-math-mathml-a11y\" style=\"display: none;\"><math xmlns=\"http://www.w3.org/1998/Math/MathML\" alttext=\"{\\displaystyle 2\\otimes 2}\">\n  <semantics>\n    <mrow class=\"MJX-TeXAtom-ORD\">\n      <mstyle displaystyle=\"true\" scriptlevel=\"0\">\n        <mn>2</mn>\n        <mo>?</mo>\n        <mn>2</mn>\n      </mstyle>\n    </mrow>\n    <annotation encoding=\"application/x-tex\">{\\displaystyle 2\\otimes 2}</annotation>\n  </semantics>\n</math></span><img src=\"https://wikimedia.org/api/rest_v1/media/math/render/svg/6c85f419d3d66d4007cad69d397336a0a749fa2c\" class=\"mwe-math-fallback-image-inline\" aria-hidden=\"true\" style=\"vertical-align: -0.505ex; width:5.165ex; height:2.343ex;\" alt=\"2\\otimes 2\"></span> and <span class=\"mwe-math-element\"><span class=\"mwe-math-mathml-inline mwe-math-mathml-a11y\" style=\"display: none;\"><math xmlns=\"http://www.w3.org/1998/Math/MathML\" alttext=\"{\\displaystyle 2\\otimes 3}\">\n  <semantics>\n    <mrow class=\"MJX-TeXAtom-ORD\">\n      <mstyle displaystyle=\"true\" scriptlevel=\"0\">\n        <mn>2</mn>\n        <mo>?</mo>\n        <mn>3</mn>\n      </mstyle>\n    </mrow>\n    <annotation encoding=\"application/x-tex\">{\\displaystyle 2\\otimes 3}</annotation>\n  </semantics>\n</math></span><img src=\"https://wikimedia.org/api/rest_v1/media/math/render/svg/d6600be817f32311dd974a3d507eb41fc32fb19d\" class=\"mwe-math-fallback-image-inline\" aria-hidden=\"true\" style=\"vertical-align: -0.505ex; width:5.165ex; height:2.343ex;\" alt=\"2\\otimes 3\"></span> cases. However, many <a href=\"https://en.wikipedia.org/w/index.php?title=Separability_criteria&amp;action=edit&amp;redlink=1\" class=\"new\" title=\"Separability criteria (page does not exist)\">separability criteria</a> used in the bipartite setting can be generalized to the multipartite case.<sup id=\"cite_ref-quantiki_1-9\" class=\"reference\"><a href=\"https://en.wikipedia.org/wiki/Multipartite_entanglement#cite_note-quantiki-1\">[1]</a></sup>\n</p>\n<h4><span id=\"Positive_but_not_completely_positive_.28PnCP.29_maps_and_entanglement_witnesses\"></span><span class=\"mw-headline\" id=\"Positive_but_not_completely_positive_(PnCP)_maps_and_entanglement_witnesses\">Positive but not completely positive (PnCP) maps and entanglement witnesses</span></h4><p>The characterization of separability in terms of <a href=\"https://en.wikipedia.org/w/index.php?title=Separability_criteria&amp;action=edit&amp;redlink=1\" class=\"new\" title=\"Separability criteria (page does not exist)\">positive but not completely positive maps</a> can be naturally generalized from the bipartite case, as follows.<sup id=\"cite_ref-quantiki_1-10\" class=\"reference\"><a href=\"https://en.wikipedia.org/wiki/Multipartite_entanglement#cite_note-quantiki-1\">[1]</a></sup>\n</p><p>Any positive but not completely positive (PnCP) map <span class=\"mwe-math-element\"><span class=\"mwe-math-mathml-inline mwe-math-mathml-a11y\" style=\"display: none;\"><math xmlns=\"http://www.w3.org/1998/Math/MathML\" alttext=\"{\\displaystyle \\;\\Lambda _{A_{2}\\ldots A_{m}}:{\\mathcal {B}}({\\mathcal {H}}_{A_{2}\\ldots A_{m}})\\to {\\mathcal {B}}({\\mathcal {H}}_{A_{1}})}\">\n  <semantics>\n    <mrow class=\"MJX-TeXAtom-ORD\">\n      <mstyle displaystyle=\"true\" scriptlevel=\"0\">\n        <mspace width=\"thickmathspace\"></mspace>\n        <msub>\n          <mi mathvariant=\"normal\">?</mi>\n          <mrow class=\"MJX-TeXAtom-ORD\">\n            <msub>\n              <mi>A</mi>\n              <mrow class=\"MJX-TeXAtom-ORD\">\n                <mn>2</mn>\n              </mrow>\n            </msub>\n            <mo>…</mo>\n            <msub>\n              <mi>A</mi>\n              <mrow class=\"MJX-TeXAtom-ORD\">\n                <mi>m</mi>\n              </mrow>\n            </msub>\n          </mrow>\n        </msub>\n        <mo>:</mo>\n        <mrow class=\"MJX-TeXAtom-ORD\">\n          <mrow class=\"MJX-TeXAtom-ORD\">\n            <mi class=\"MJX-tex-caligraphic\" mathvariant=\"script\">B</mi>\n          </mrow>\n        </mrow>\n        <mo stretchy=\"false\">(</mo>\n        <msub>\n          <mrow class=\"MJX-TeXAtom-ORD\">\n            <mrow class=\"MJX-TeXAtom-ORD\">\n              <mi class=\"MJX-tex-caligraphic\" mathvariant=\"script\">H</mi>\n            </mrow>\n          </mrow>\n          <mrow class=\"MJX-TeXAtom-ORD\">\n            <msub>\n              <mi>A</mi>\n              <mrow class=\"MJX-TeXAtom-ORD\">\n                <mn>2</mn>\n              </mrow>\n            </msub>\n            <mo>…</mo>\n            <msub>\n              <mi>A</mi>\n              <mrow class=\"MJX-TeXAtom-ORD\">\n                <mi>m</mi>\n              </mrow>\n            </msub>\n          </mrow>\n        </msub>\n        <mo stretchy=\"false\">)</mo>\n        <mo stretchy=\"false\">?</mo>\n        <mrow class=\"MJX-TeXAtom-ORD\">\n          <mrow class=\"MJX-TeXAtom-ORD\">\n            <mi class=\"MJX-tex-caligraphic\" mathvariant=\"script\">B</mi>\n          </mrow>\n        </mrow>\n        <mo stretchy=\"false\">(</mo>\n        <msub>\n          <mrow class=\"MJX-TeXAtom-ORD\">\n            <mrow class=\"MJX-TeXAtom-ORD\">\n              <mi class=\"MJX-tex-caligraphic\" mathvariant=\"script\">H</mi>\n            </mrow>\n          </mrow>\n          <mrow class=\"MJX-TeXAtom-ORD\">\n            <msub>\n              <mi>A</mi>\n              <mrow class=\"MJX-TeXAtom-ORD\">\n                <mn>1</mn>\n              </mrow>\n            </msub>\n          </mrow>\n        </msub>\n        <mo stretchy=\"false\">)</mo>\n      </mstyle>\n    </mrow>\n    <annotation encoding=\"application/x-tex\">{\\displaystyle \\;\\Lambda \n_{A_{2}\\ldots A_{m}}:{\\mathcal {B}}({\\mathcal {H}}_{A_{2}\\ldots \nA_{m}})\\to {\\mathcal {B}}({\\mathcal {H}}_{A_{1}})}</annotation>\n  </semantics>\n</math></span><img src=\"https://wikimedia.org/api/rest_v1/media/math/render/svg/646719f0f9edd223e8ebff97add0e2fb86b22d16\" class=\"mwe-math-fallback-image-inline\" aria-hidden=\"true\" style=\"vertical-align: -1.005ex; width:34.319ex; height:3.009ex;\" alt=\"\\;\\Lambda _{{A_{2}\\ldots A_{m}}}:{\\mathcal  {B}}({\\mathcal  {H}}_{{A_{2}\\ldots A_{m}}})\\to {\\mathcal  {B}}({\\mathcal  {H}}_{{A_{1}}})\"></span> provides a nontrivial necessary separability criterion in the form:\n</p><span style=\"left: 71.2537px; top: 695.239px; font-size: 12.0087px; font-family: serif; transform: scaleX(0.782921);\"></span><p><span style=\"left: 75.043px; top: 163.251px; font-size: 12.0087px; font-family: serif; transform: scaleX(0.758228);\"></span></p><p></p><p></p>\n<dl><dd><span class=\"mwe-math-element\"><span class=\"mwe-math-mathml-inline mwe-math-mathml-a11y\" style=\"display: none;\"><math xmlns=\"http://www.w3.org/1998/Math/MathML\" alttext=\"{\\displaystyle \\;(I_{A_{1}}\\otimes \\Lambda _{A_{2}\\ldots A_{m}})[\\varrho _{A_{1}\\ldots A_{m}}]\\geq 0,}\">\n  <semantics>\n    <mrow class=\"MJX-TeXAtom-ORD\">\n      <mstyle displaystyle=\"true\" scriptlevel=\"0\">\n        <mspace width=\"thickmathspace\"></mspace>\n        <mo stretchy=\"false\">(</mo>\n        <msub>\n          <mi>I</mi>\n          <mrow class=\"MJX-TeXAtom-ORD\">\n            <msub>\n              <mi>A</mi>\n              <mrow class=\"MJX-TeXAtom-ORD\">\n                <mn>1</mn>\n              </mrow>\n            </msub>\n          </mrow>\n        </msub>\n        <mo>?</mo>\n        <msub>\n          <mi mathvariant=\"normal\">?</mi>\n          <mrow class=\"MJX-TeXAtom-ORD\">\n            <msub>\n              <mi>A</mi>\n              <mrow class=\"MJX-TeXAtom-ORD\">\n                <mn>2</mn>\n              </mrow>\n            </msub>\n            <mo>…</mo>\n            <msub>\n              <mi>A</mi>\n              <mrow class=\"MJX-TeXAtom-ORD\">\n                <mi>m</mi>\n              </mrow>\n            </msub>\n          </mrow>\n        </msub>\n        <mo stretchy=\"false\">)</mo>\n        <mo stretchy=\"false\">[</mo>\n        <msub>\n          <mi>?</mi>\n          <mrow class=\"MJX-TeXAtom-ORD\">\n', 11);
INSERT INTO `article_masterpiece_page` (`id`, `id_masterpiece`, `data`, `menu_id`) VALUES
(11, 2, 'A loop becomes infinite loop if a condition never becomes FALSE. You must use caution when using while loops because of the possibility that this condition never resolves to a FALSE value. This results in a loop that never ends. Such a loop is called an infinite loop.\r\n\r\nAn infinite loop might be useful in client/server programming where the server needs to run continuously so that client programs can communicate with it as and when required.', 7);

-- --------------------------------------------------------

--
-- Table structure for table `code_editor`
--

CREATE TABLE `code_editor` (
  `id` int(11) NOT NULL,
  `code` text NOT NULL,
  `javascript` text NOT NULL,
  `css` text NOT NULL
) ENGINE=InnoDB DEFAULT CHARSET=latin1;

--
-- Dumping data for table `code_editor`
--

INSERT INTO `code_editor` (`id`, `code`, `javascript`, `css`) VALUES
(1, 'werwerwerw', 'console.log(\"dfgsfg\");', '.sdfas{\r\nwerewr\r\n}');

-- --------------------------------------------------------

--
-- Table structure for table `code_view`
--

CREATE TABLE `code_view` (
  `id` int(11) NOT NULL,
  `code` text NOT NULL,
  `language` text NOT NULL,
  `user_id` int(11) NOT NULL,
  `text` text NOT NULL,
  `title` text NOT NULL
) ENGINE=InnoDB DEFAULT CHARSET=latin1;

--
-- Dumping data for table `code_view`
--

INSERT INTO `code_view` (`id`, `code`, `language`, `user_id`, `text`, `title`) VALUES
(1, 'ok=\"hello world\"\r\n\r\nprint(ok)', 'Python', 1, ' <em>Emphasized text</em><br> <strong>Strong text</strong><br> A piece of computer code<br> <samp>Sample output from a computer program</samp><br> <kbd>Keyboard input</kbd><br> <var>Variable</var>we tewrtwet', 'An introduction in Python'),
(2, 'import math ', 'Python', 1, '', ''),
(3, '<!DOCTYPE html>\n<html>\n\n   <head>\n      <title>This is document title\n   </title></head>\n	\n   <body>\n      <h1>This is a heading</h1>\n      <p>Document content goes here.</p>\n   </body>\n	\n</html>', 'Html', 3, '', ''),
(4, '<html>', 'Html', 3, '', ''),
(5, '<!DOCTYPE html>\r\n<html>\r\n\r\n   <head>\r\n      <title>Nested Elements Example</title>\r\n   </head>\r\n	\r\n   <body>\r\n      <h1>This is <i>italic</i> heading</h1>\r\n      <p>This is <u>underlined</u> paragraph</p>\r\n   </body>\r\n	\r\n</html>', 'Html', 1, 'This is a demo', 'Html demo'),
(6, 'import turtle\r\nimport math\r\n\r\n# Set the background color\r\nscreen = turtle.Screen()\r\nscreen.bgcolor(\"skyblue\")\r\n\r\n# Create our turtle\r\ngeorge = turtle.Turtle()\r\ngeorge.color(\"black\")\r\ngeorge.shape(\"turtle\")\r\ngeorge.speed(10)\r\n\r\n# Define a funtion to draw and fill a rectangle with the given\r\n# dimensions and color\r\ndef drawRectangle(t, width, height, color):\r\n  t.fillcolor(color)\r\n  t.begin_fill()\r\n  t.forward(width)\r\n  t.left(90)\r\n  t.forward(height)\r\n  t.left(90)\r\n  t.forward(width)\r\n  t.left(90)\r\n  t.forward(height)\r\n  t.left(90)\r\n  t.end_fill()\r\n  \r\n# Define a function to draw and fill an equalateral right \r\n# triangle with the given hypotenuse length and color.  This\r\n# is used to create a roof shape.\r\ndef drawTriangle(t, length, color):\r\n  t.fillcolor(color)\r\n  t.begin_fill()\r\n  t.forward(length)\r\n  t.left(135)\r\n  t.forward(length / math.sqrt(2))\r\n  t.left(90)\r\n  t.forward(length / math.sqrt(2))\r\n  t.left(135)\r\n  t.end_fill()\r\n  \r\n# Define a function to draw and fill a parallelogram, used to\r\n# draw the side of the house\r\ndef drawParallelogram(t, width, height, color):\r\n  t.fillcolor(color)\r\n  t.begin_fill()\r\n  t.left(30)\r\n  t.forward(width)\r\n  t.left(60)\r\n  t.forward(height)\r\n  t.left(120)\r\n  t.forward(width)\r\n  t.left(60)\r\n  t.forward(height)\r\n  t.left(90)\r\n  t.end_fill()\r\n  \r\n# Define a function to draw four sun rays of the given length,\r\n# for the sun of the given radius.  The turtle starts in the \r\n# center of the circle.\r\ndef drawFourRays(t, length, radius):\r\n  for i in range(4):\r\n    t.penup()\r\n    t.forward(radius)\r\n    t.pendown()\r\n    t.forward(length)\r\n    t.penup()\r\n    t.backward(length + radius)\r\n    t.left(90)\r\n\r\n# Draw and fill the front of the house\r\ngeorge.penup() \r\ngeorge.goto(-150, -120)\r\ngeorge.pendown()\r\ndrawRectangle(george, 100, 110, \"blue\")\r\n\r\n# Draw and fill the front door\r\ngeorge.penup()\r\ngeorge.goto(-120, -120)\r\ngeorge.pendown()\r\ndrawRectangle(george, 40, 60, \"lightgreen\")\r\n\r\n# Front roof\r\ngeorge.penup()\r\ngeorge.goto(-150, -10)\r\ngeorge.pendown()\r\ndrawTriangle(george, 100, \"magenta\")\r\n\r\n# Side of the house\r\ngeorge.penup()\r\ngeorge.goto(-50, -120)\r\ngeorge.pendown()\r\ndrawParallelogram(george, 60, 110, \"yellow\")\r\n\r\n# Window\r\ngeorge.penup()\r\ngeorge.goto(-30, -60)\r\ngeorge.pendown()\r\ndrawParallelogram(george, 20, 30, \"brown\")\r\n\r\n# Side roof\r\ngeorge.penup()\r\ngeorge.goto(-50, -10)\r\ngeorge.pendown()\r\ngeorge.fillcolor(\"orange\")\r\ngeorge.begin_fill()\r\ngeorge.left(30)\r\ngeorge.forward(60)\r\ngeorge.left(105)\r\ngeorge.forward(100 / math.sqrt(2))\r\ngeorge.left(75)\r\ngeorge.forward(60)\r\ngeorge.left(105)\r\ngeorge.forward(100 / math.sqrt(2))\r\ngeorge.left(45)\r\ngeorge.end_fill()\r\n\r\n# Tree base\r\ngeorge.penup() \r\ngeorge.goto(100, -130)\r\ngeorge.pendown()\r\ndrawRectangle(george, 20, 40, \"brown\")\r\n\r\n# Tree top\r\ngeorge.penup() \r\ngeorge.goto(65, -90)\r\ngeorge.pendown()\r\ndrawTriangle(george, 90, \"lightgreen\")\r\ngeorge.penup() \r\ngeorge.goto(70, -45)\r\ngeorge.pendown()\r\ndrawTriangle(george, 80, \"lightgreen\")\r\ngeorge.penup() \r\ngeorge.goto(75, -5)\r\ngeorge.pendown()\r\ndrawTriangle(george, 70, \"lightgreen\")\r\n\r\n# Sun\r\ngeorge.penup() \r\ngeorge.goto(55, 110)\r\ngeorge.fillcolor(\"yellow\")\r\ngeorge.pendown()\r\ngeorge.begin_fill()\r\ngeorge.circle(24)\r\ngeorge.end_fill()\r\n\r\n# Sun rays\r\ngeorge.penup()\r\ngeorge.goto(55, 134)\r\ngeorge.pendown()\r\ndrawFourRays(george, 25, 24)\r\ngeorge.right(45)\r\ndrawFourRays(george, 15, 24)\r\ngeorge.left(45)\r\n\r\n# Put down some labels\r\ngeorge.color(\"black\")\r\ngeorge.penup()\r\ngeorge.goto(-150, 70)\r\ngeorge.pendown()\r\ngeorge.write(\"House\", None, None, \"14pt bold\")\r\ngeorge.penup()\r\ngeorge.goto(150, -150)\r\ngeorge.pendown()\r\ngeorge.write(\"Tree\", None, None, \"14pt bold\")\r\ngeorge.penup()\r\ngeorge.goto(130, 150)\r\ngeorge.pendown()\r\ngeorge.write(\"Sun\", None, None, \"14pt bold\")\r\n\r\n# Bring the turtle down to the front door, and we\'re done!\r\ngeorge.penup()\r\ngeorge.goto(-100, -150)\r\ngeorge.left(90)', 'Python', 1, 'this is drawing a house', 'Drawing python'),
(7, '', 'Ruby', 1, 'Ruby write code', 'Ruby '),
(8, '', 'Cpp', 1, 'Cpp', 'Cpp'),
(9, '', 'Bash', 1, '', 'Bash'),
(10, 'var = 23.5+56\r\n\r\nprint(var)                                                          \r\n\r\nvar2=\"Hello \"\r\nvar3=\"World!\"\r\nprint(var2+var3)', 'Python', 1, 'python', 'Python tutorial'),
(11, 'x = 0\r\ny = 5\r\n\r\nif x < y:                            # Truthy\r\n    print(\'yes\')\r\n\r\n\r\nif y < x:                            # Falsy\r\n    print(\'yes\')\r\n\r\n\r\nif x:                                # Falsy\r\n    print(\'yes\')\r\n\r\nif y:                                # Truthy\r\n    print(\'yes\')\r\n\r\n\r\n\r\nif x or y:                           # Truthy\r\n    print(\'yes\')\r\n\r\n\r\nif x and y:                          # Falsy\r\n    print(\'yes\')\r\n\r\n\r\nif \'aul\' in \'grault\':                # Truthy\r\n    print(\'yes\')\r\n\r\n\r\nif \'quux\' in [\'foo\', \'bar\', \'baz\']:  # Falsy\r\n    print(\'yes\')\r\n', 'Python', 1, 'Python tutorial if', 'Python if'),
(12, 'VectorSize 8\r\n\r\nSigmaX 2\r\nHadamard 2\r\nHadamard 1\r\nHadamard 0\r\nQFT 0, 8\r\n\r\nSetViewMode 2\r\n\r\nDelay 10\r\n\r\nfor i = 0; i < 360; i += 5\r\n  SetViewAngle Math.PI * i / 180\r\nendfor\r\n', 'quantum', 1, 'shors algorithm', 'shors algorithm');

-- --------------------------------------------------------

--
-- Table structure for table `comunity`
--

CREATE TABLE `comunity` (
  `id` int(11) NOT NULL,
  `price` float NOT NULL,
  `photo` text NOT NULL,
  `title` text NOT NULL,
  `descriere` text NOT NULL,
  `content` text NOT NULL,
  `rate` int(11) NOT NULL,
  `user_id` int(11) NOT NULL,
  `views` int(11) NOT NULL,
  `abonates` int(11) NOT NULL,
  `requirments` text NOT NULL
) ENGINE=InnoDB DEFAULT CHARSET=latin1;

--
-- Dumping data for table `comunity`
--

INSERT INTO `comunity` (`id`, `price`, `photo`, `title`, `descriere`, `content`, `rate`, `user_id`, `views`, `abonates`, `requirments`) VALUES
(1, 2, '//placeimg.com/280/180/tech', 'MySql', 'descriere descrieredescriere descrieredescriere descrieredescriere descrieredescriere descrieredescriere descrieredescriere descriere descriere descrieredescriere descrieredescriere descrieredescriere descrieredescriere descrieredescriere descrieredescriere descrieredescriere descrieredescriere descrieredescriere descrieredescriere descrieredescriere descrieredescriere descrieredescriere descriere descriere descrieredescriere descrieredescriere descrieredescriere descrieredescriere descrieredescriere descrieredescriere descriere descriere descrieredescriere descrieredescriere descrieredescriere descrieredescriere descrieredescriere descrieredescriere descriere', 'sdfasdf', 3, 1, 123, 0, '<ul><li>Need to know php</li><li>Need to know php</li><li>Need to know php</li><li>Need to know php</li></ul>'),
(2, 1, 'data:image/jpeg;base64,/9j/4AAQSkZJRgABAQAAAQABAAD/2wCEAAkGBxAOEQ8QEA0QDw8OEA4NEQ8QDRENDQ0OFBIWGBYSExMYHjQhGBsxJxMVITIhJjUwLi8uFx8zODMsNygtOjABCgoKDg0OGhAQGisiICYvKy4yLS03MCsyLy0tNzItLS0tLS03LSstLS0tLS0tLS4vLy0vLSstLS0tLS0tKy0rLf/AABEIAMgAyAMBEQACEQEDEQH/xAAbAAEBAAIDAQAAAAAAAAAAAAAAAgEFAwYHBP/EAD8QAAIBAgIECQkHAwUAAAAAAAABAgMRBAUGEiExE0FRVGFxgZGxBxUyUmKTocHSFCRCc5Ky0SI0chYzQ3Tw/8QAGgEBAQADAQEAAAAAAAAAAAAAAAECBAUDBv/EADMRAQABAwEFBQcEAgMAAAAAAAABAgMRBAUSITFRFDJBcbETFSIzUoGhYZHR4ULBI2Lw/9oADAMBAAIRAxEAPwD3EAAAAAAAAAAAAAAAAAAAAAAAAAAAAAAAAAAAAAAAAAAAAAAAAAAAAAAAAAAAAAAAAAAAAAAAAAAAAAAAAAAAAAAAAAAAAAAAAAGGwOOVeC3ySt0gfHPPMNHfiKa66kV8zOLdU+EsJuUx4w4/9RYPnVH3sP5L7Kv6ZT2tH1Q5aWd4abtHEU3fkqRfzMZoqjnEsorpnlMPsjXi90k+0xZORMAAAAAAAAAAAAAAAAAAAAGrz7OIYOm5y2t7IxW+UuQ9Ldua6sQ87lyLdOZed5lpViqzdqjpR4o03Z/q3nRo01FPPi51eprq5cGkrVpTd5SlJ8spOT+J7xERyeEzM83E2VENkVDYGaWInTd4TlBrbeMnF/Ak0xPOGUVTHKXZ8g04rUZKOIk6tLYnL/kh0+14mpd0tM8aeDataqY4VcXp+DxUK0IzhJSjJKSad00zQmJicS34mJjMOcigAAAAAAAAAAAAAAAAB5r5QsS5YiMPwwhftk3/AAjo6On4ZlztZV8UQ49CtH4YyVSpWu6VFxjqJuPCVGr7WtqS2bt9+ja1N6aPhpTTWYr+Kpu9KtEcOsPUrUIcFUoxlVaUpSjUhFXlFpvfa9muM8LOoriqImcw2L2nommZpjEvN2zpOahsCGwqWwIbIPQfJbmbfC4eTulapDoTdpLwfazR1dHGKm/pK+E0vRTSbgAAAAAAAAAAAAAAAAAeW6fP72/8IeLOnpPl/dzNX8z7Pn0V0jeAnPWg6lGrq68Y2U4yV7SjfY99rPo27C6ix7TjHNNPf9nwnk2uk+m8K9GdDD05x4VOFSdRRVqb3xik3v3XfE+7xtaWYqzU9ruqiacUujtm80UNhUNgS2QQ2Fdr8mL++v8AJn++Bq6vuR5trSd+fJ66c50AAAAAAAAAAAAAAAAAA8+0yyHFYjEudKi5w1Iq+vCO1N8TZvae9RRRiqWjqLNddeaYaF6KY7mz95S+o9+02uvq8OzXenoh6JY/mz97S+odptdfU7Nd6eiXojj+bP3tL6h2m119Ts1zp6NbmeV18K4qvT4NzTcVrRldLf6L6T0ouU192WFduqjvQ+BsyYIbAhsK7Z5MH99f5E/3wNXV9yPNtaTvz5PXznOgAAAAAAAAAAAABNSooptuyW0DpWc6b6rcMPFTtda8r6nZym5b0kzxq4NO7q4jhTxddqaWY1u6r6vQqcLfFGzGlt9GtOqu9XG9K8dzl+7p/SXs1rp6p2m719EvSzHc5fu6X0k7Na6eq9pu9fRD0tx3OX7ul9I7Na6ep2m719EvS/H85fuqX0js1rp6nabvX0S9MMfzp+6pfSOzWunqvabnX0a3NM2r4pxdepwjgmovVjGye/0V0GdFumjuw867lVfel8DZmwQ2FQ2B2vyZP75L8ip++Bq6vuR5trSd+fJ6Vwsn+J958Zd11+muqIq8Z8Idum1TMRwZ4SXrPvMPeGo+r8R/DL2VHQhiJx479DNmxtSrOLscOrzqsfS2dCqppNHbiYmMw1nIUAAAAAAAAOjeUDOGrYeErXWtUt6vFE3dJazO/LS1d3EbkOiNnQc9LYENgQ2RUNgQ2FS2BDZBDYVDYEtkHbPJl/eT/wCvU/fA1tX3I821pO/Pk9IW4+Bv/Mq85d+nlA2eOWaWzHKvpy+raWr63id3ZN/epm1Phxjyauoox8TaHYawAAAAAADE3ZMDxzSDE8Lia8r3XCSiv8Yuy8DsWad23EOPeq3rky1rZ6vJDYENkVDYEthUNgQ2QQ2FS2BDYGCDuvkxw74WvWtsp01T63J3sv0/E09ZVEUxEtzSU8Zl38+AuV71U1dXfiMRhLZ5ZZMNkyrNGdpRfSjb2fc3NRT+vD93nepzRLexZ9Y57IAAAAAAPnx9VQpzk9yi33IsRmcJM4jLxKcrtt73t7TuOG42wJbIqGwIbCobAlsghsKhsCGwMEH3ZTlNbFzUKNNyfHLdCC5ZPiMK7lNEZlnRbqrnEPV8nyqGDoxowes1/VUl69Tjf/uQ+X2truE0Rzn8R/bt6Wxuw+1s+ay30tmOVS2Y5Vhlpr3aoq6LMZjDf4f0V1H3LkuQAAAAAAGvz/8At61t+pPwZlR3oY192Xi7Z23EQ2RUNgQ2FfRl+Aq4map0oa0nt6Irlb4kYV1xRGZZUUTXOId4y3QnD00nXlKtPjjFuFOPdtZytTtOm3znH5l0bWiiefFuqeQ4BK32Om+uKb+Jz52zR1qbPY46QrzHgOZUv0RJ75o61L2OOkMeYsBzKl+iI980dajscdIPMWX8ypfoiPfNHWo7HHSETyPAcWBo36YRt4EnbVHWr/33OxR0h9VKEYJRhCNOK/DBKKXcc/UbXrr4URj9Z4y2KNNEcxs49VUzOZbUQlswyrDZMqlsxyrDZjlXYMN6MepH3dvuRnpDkVc5cpmgAAAAAHDi4KUJJq6aaEEvDKsXFuL3xbi+tM7kTmMuHMYnDibAlsKhgeo6M5T9koxVrVaqU6kuPoj8fE+d2nrdyMxz5R/Ls6SxiMfu3CPlaqpqnM83SiMBioBhsmRhsmVS2Y5VLZjlWGyZVLZjlWGzHKpbJlUtimmaqopjxWeEZdkw/orqPvYjDjOQoAAAAABiS2AeM6V4Z0cXXjaylN1F1S2/ydbT1b1uHJ1FO7clpmz2eKGwr6sngp4ihF7nVp36VrLYed2cUT5M7UZrjzew1N76LL4I+I2pVM3Yj9H0djupOY9gCWyZVhsxyqWzHKpbJlWGzHKsNmOVS2Y5VLZMqw2Y5Vy4Onrzium50dlWfaamJ8I4/wAfl4airdon9XYkj7BzGQAAAAAAAOjeUXJHUisRTjeVNNTS3uny9nzZt6W7uzuz4tXVWt6N6PB5s2dFzkNkH25C/vWH/Np+J53u5Pk9bPfh7BPe+zwR8PtT532h9DY7qGzm5ezDZMqlsxyqWyZVhsxyqWzHKsNmOVS2TKsNmOVS2TKsGKtrk9Bq82t+4+u2TpZs2d6rnV6eDm6m5vVYjlDanVawAAAAAAABNSCkmnuYHS880BpVm50Z8DJ7Wra1Nvq4jat6qqnhPFrXNLTVxjg0UvJziuKtR7ddfI9u2U9JeHZKurnyzQDE0q1KpKrRcac4zaTndpPi2GNeqpqpmMM6NNVTVE5dzrbJSXT8j4/anzvtDs2O642zmZe6WyZVhsxyrNOm5Oyt2uxtaXR16nO7MRjHP9XncuRRjLl+xT9nvNv3Nd+qPy8+009GPsM/Z7ye5bv1R+V7VT0Y+wT5Y95Pcl76o/J2qnoeb5+z3k9yXvqj8r2unpLHmyp7Peye4731R+V7XT0k811PZ72I2Fd8ao/J2yno58PlT3zfYje0ux7dqrernen8f28bmqqqjEcG0hBRSS3LYdlqqAAAAAAAAAAAAABpsU/65dZ85tX5/wBobun7rhbOXl7pbMcqw2Y5Vi5Yrqp5TgxEsOb5X3j21z6p/dd2OiXN8r7zH21z6p/c3I6MOo+V95PbXPqn92W5T0fRl03wkdr7zrbFuVVX5iZmfhn1hraqmIojHVvz6dzwAAAAAAAAAAAAAAAAA0mMf9cus+a2t8/7R/tu6fuOBs5WWwxcmVYbMcqlsxyqWyZVucHl8NSLlHWlJJu+5X4kj6zSbNs0WomunMz1c67fqmrhOIfBmeEVKS1fRlfZv1Wrfycfa2iosVRVRynwbWmuzXExPgjLf9yJnsOP+eqf+v8AuE1fcjzdhPqXOAAAAAAAAAAAAAAAAADVZnRs9ZbnvOPtbTTXTF2nw5+X9NnT14ndl8DZ83lvMNmOVS2TKpbMcqxcxVssHmijFRnFvVVk422pctz6LSbZoptxTdicx4w0rmlmas0vlx2LdWSdrJbIrxbObtDXTqq4xGIjk97Nn2cfq+vJqG1yfYdrY+km1bm5Vzq9P7amquRVO7Hg252WqAAAAAAAAAAAAAAAAAEzgpKzV0wNZiMtf4N3IcnVbJt3Z3qPhn8Nm3qJp4TxfDUw8474PuucW7szU2/8c+XH+21Tft1eLhZz66aqeFUYe8TE8kmChlRbqr4UxM+STMRzc1PCzlug+6xv2dlam5/jjz4f28atRbp8cvvw2Vcc+47mk2RaszvV/FP4alzU1VcI4Q2kIKKslZI6zWUAAAAAAAAAAAAAAAAAAAADDQEcDH1UJjIcBH1V3GHs6M5xC70nAx9VGaLSAyAAAAAAAAAAAAAAAAAAAAAAAAAAAAAAAAAAAAAAAAAAAAAAAAAAAAAAAAAAAAAAAAAAAAAAAAAAAAAAAAAAAAAAAAAAAAAAAAAAB//Z', 'Python', 'Python is an interpreted, high-level, general-purpose programming language. Created by Guido van Rossum and first released in 1991, Python has a design philosophy that emphasizes code readability, notably using significant whitespace.', 'This we will show you how to start your way as a python developer', 1, 1, 122, 23, 'you will need to dedicate'),
(3, 0, '//placeimg.com/280/180/tech', 'Css', '', '', 0, 2, 0, 0, ''),
(4, 0, '//placeimg.com/280/180/tech', 'C#', 'eqwe', '', 0, 1, 0, 0, 'qweqwe'),
(5, 0, '//placeimg.com/280/180/tech', 'Javascript', 'eqwe', '', 0, 1, 0, 0, 'qweqwe'),
(6, 0, '//placeimg.com/280/180/tech', 'Flask', 'eqwe', '', 0, 1, 0, 0, 'qweqwe'),
(7, 0, '//placeimg.com/280/180/tech', 'Scikit-learn', '134', '', 0, 1, 0, 0, '1234'),
(8, 0, '//placeimg.com/280/180/tech', '2134', '134', '', 0, 1, 0, 0, '1234'),
(9, 0, '//placeimg.com/280/180/tech', 'wwq', 'rwerqe', '', 0, 2, 0, 0, 'wrqwer'),
(10, 0, '//placeimg.com/280/180/tech', 'fdsfsd', 'fsdf', '', 0, 1, 0, 0, 'sfs'),
(11, 0, '//placeimg.com/280/180/tech', 'Tutorial1', 'This is a description', '', 0, 4, 0, 0, 'no req');

-- --------------------------------------------------------

--
-- Table structure for table `comunity_tutorial`
--

CREATE TABLE `comunity_tutorial` (
  `id` int(11) NOT NULL,
  `id_comunity_tutorial` int(11) NOT NULL,
  `title_page` text NOT NULL,
  `text` text NOT NULL,
  `image_link` text NOT NULL,
  `href` text NOT NULL
) ENGINE=InnoDB DEFAULT CHARSET=latin1;

--
-- Dumping data for table `comunity_tutorial`
--

INSERT INTO `comunity_tutorial` (`id`, `id_comunity_tutorial`, `title_page`, `text`, `image_link`, `href`) VALUES
(1, 2, 'Page1', 'This is the 1-st page,This is the 1-st page,This is the 1-st page', 'data:image/png;base64,iVBORw0KGgoAAAANSUhEUgAAAX8AAACECAMAAABPuNs7AAAA3lBMVEX///8jHyABrvAAAAAAvfRtz/b///0kICEfGxzg398EAAD//v8/PD02MjN6eHkWERLm5ea5ubn4+PgMAAUWEBIAqu8bFhfs7OzR0dEQCQvGxsZWU1QqJidnZGVJSEheXF275PmpqKl2dHWJhYaXlpYAufJWwvMAp+6hn6AAvPAQsfDPz89ubG2Fg4SxsLFizPbp+PvX7/rK7Pt+1fWP0/MzLi+k4flEQULm9P2bmJl7y/M+u/G44/m/6vmAzPOd1faw3vk+xvSQ2vfY7vw8xu9Ovu9ux/Sq5Pdkz/I9uPP5YlGNAAAfi0lEQVR4nN1diXriOBI2OJEdnEBijImTkJsmkAPIfXaO6c6k3/+FViVfVbJkbCDNfFs7O9Nty8L+JdWtkmH8RWLjD4Oxv/mL09PKxvH2TqVS2dk+3lhZ9MvMhxh77w4Zc2bs5ryupPOHi611Vfv2maL14UHeT5zWTbPWsCsVq1KxvZoZnG9m2qyruqWk7HsF0TSfPz2xl+5Svz/iC2CmNbAWNBTkNYKaafqdC1duv2LymzLVOvof2LwzG5WIrPA/DXNbHgFlt5gCW9V5x0ypMQsM5Yn1lzj1X2ZcAqt2RU++6R1LI7BhKtrZq9r+z01f2fE5bbai6pb8xI6ycyttsDYLDOXptssHoL/U/Xc2GZCLv2XZTYtO1YuaqqFu7rm7yuacartkYKfC/wA/9FfxZ4a7FFH3Y6YVkIu/+C5zC7c/95RoZvhU1HtD1VpQg6yZafC/IM/8VfwddrWUDMDVLCtgIv58AFJB7BiHSvxNtfDrBDn9Bnuo5RT4S5zwb+LP2Kgbw98XAzD1EEzG3/J3UftdFTuvmFmNxpAnaPahk7RpefxlQfQX8XcYG3b7S3NZAZPx50AhDqSc/pWaSgF1J2FqtpO2pfHP6AF/EX/GxkuY+lwGTNtXEfz9lFM4apyCY0XXx3ncB8hLdfqy+GeX1hzw5/OaS1b4l5MrUbnptUSJa0HGdEK4CP4VMxGv62qcPJV15NOuLfjHsvClWrIASuJ/kG0+B/zZ+Ofr8+V4ZExg5+y5K+HfX3qZkgUVw38jbr6JPnwnBdPfzvYsc4iA20jSikjZVjn8jxWtp8G/TcQWY8+9Fqfq4Onn2zi8onqKGf0lmfrdESyb8q8g4Q+GZE0WsVbKXhCo9u5O7sefEVFhN05WVjYfqDmQDpuMvycTtn/rShuwJP7u1vmauYedB4ztt6ohtVq96o/XsVKvYewjiz9fAdP5ISj+zQs+Jy625e/zE//CSTO9eIZ4iZ01AAiniTXUTToACWOT8Lfz/D+dGu16CvydjY5perZH/CYI/2p1MKj2WoOf48wacNiov6QYgKVfbJoRIPhbtZDRbEkDkGqgyPwKTm7SFiknj4lKimgEmdEhiyvRrCT8mzlvvG6q4C+D/2bdFF4Ry9fjH62D3uBjRPkQY1ddFfxgCM/Mfzj+DgjyA9ltEDdH8DUv1tKByxoA1FHRjDn9QRNfThhbCfzbalFRFH9n486MJ9FE/MUQfI4JlxrLwjcZgMtZ53+lFgtam4qFWtz8Jr1ubq0lf7GokwKIap+RBHekpeUdRq3/Gv4HO6adaGFF8IcheBLIhrObDZWzH0RAf374S24GM26efjuf8ujZ5onccYf0kKyPTcqWYgH8N/Dn6FwA+ujni+FfHfT4CAhZzNiLmvuIAfgqz4E0+J8EhMnG+GOT1lzfTpkRZyTST1NHReIgokAnoE2Fv6/sSk9bdzD3p8Af1sCPeyEF2FDHfsATVJ4DafDfkPSULEyW2UbCoHEmd7xGOk7wp2I50eqnwd88wj8xAX9muGeZUEQJ/Ku9nzC5mVb8hkNQ2hetwV/SgGL8T5HuYbr11LtMfHRAzo0a/zYdWCu6PAX+jT3CiSbN/wsz6wsvg39rFGpBnAMtKfXPpdARVHIAyuGP9SKPHaVflPl6l37pN+AfuOvF8Xf3VFKjDP/5DPk//O++r+NBYAZ/J/5IqeGs4wGpOJ5kAHw7/uapURz/U7uhMhpK4N8TDolR9R/mMOa+61ZA96ukBCiDv2PUyYzHurwpZUt8N/7mg1Ec/wNT7eUqgf8fofx89qpvDEbgSycByorgcvgjjYdzfGxi8elI6Hvxt5qHnBEUxf9Q59wrjn9rH/D/h9/vPYKLWq8GvSuddlquVI7/7KSt/T3SKHWR/g38PSHui+HvbutyAErgPwC/AHuCP7V+u2ALLOsXgAJsrUe7FP5uQN4d21KBZIB9J/6Wv+YWxr99pw7ZlcF/0HqF+Ep0u/U0Yo5+BfxS4e+O5oE/Vvi8OgGtISX0fCf+tt8W1l4R/Ns7evhL2L/i9iBmRlzL4fSrq5TCsgRw+JOXy2/zwJ9M+GPy/b6UAved+DcjWV8A/7alzBcoiX/rJ9z/SO62qiOQwu9qP+iQ8hrGRtfD5eV54I+vBgdGG+k/9l1B/E0fUcOfBv9Y1ZqMv5sLf3H8R+D2R8GB6oDLAGO0pLTEuiMn7RLsNY7+8vB+Dvij6IvwKKOlbe9QpqfFf69DaAr8V2JX02T87/T5XyXwb/0Aw+snufkHoB0rXBH9bvdf3Of4CuBfHu6rJXAp/I8C2hRPLpMaYDr8NVQC/5Qm4r8dKEM1ZfHvgfNzJN37ASLgX9UAvCTylxnu7VDAv7ys8Uxo8L9Q+t/O0HQCjz9SR2UD7L+A/7lW8VTib+jwfwJm/0O613pUaaH97q9RFK0BHelyOUKfLwB1NF+D/7HS/4wbA6Lk7zQC8x/Af0L6XQZ/mP+tXq+VCUI+c1ZzmRmaHldpHNaX4EepcKHcTfAfl5n/JExrxXjI8x23ql2QfheP/8SUlgz+DiB0f/n2+NSCUYjVzQFc/qMQC5AfMe6mZoDIRk96M56HCP7l4XMZ/k/VBjtUE9tYlQb8kTuoEjyQfheOv+QAV5AdmHuqbsHTcP/22epVxZxvXXOY31ScaQCIpsko/W4/sbL4ivnA6IcCQPFjavzl3OLd7Pc2XJqM3jgk/S4c//qE7EfPvDlWZg0bwlvA6fJRDIBQPgcDBf6tTyPeByP0zi+UguWwl2WJlOkpSvzbFXI1ztM4Rd8r9E0cY/fpXJoN/yC/dUR5+MspNOR7KnYtqOvAh8nrhFix/d+93k8+FNcaxXQfbNsuhN45/LcgccXUZ6CBjqT5PxypfoviH3rRtnYkqyU4Em0v5O0+2AEtff9s+NvbWSqFv7uTw31sc+dEs2FEGghmjD9HWd0z5j/VFqyTrz6npf445i9s9D6AaIE8/y8n49+oH5wcrma85ZFsPUHT3V7lk4SwqYB80mz4V2xfJiv7UA7+5zmav7mTu10T4y8yoh3jUwl/NVJCIR+uO3QTH+cHNwpu+cO30vx/nox/pdEMGtmZE+n2WNyKzBGyyKkBNiP+GVLt/9Ljn9Ndo5ZJlZlITz0V+490IC5pgfeIhnwIXvrglnvnJsOlxIBeVV0XyX+OP63jp5PKg4SHU4I/YaiLxX9b5/axzbNMpuRkYs/awMATcCDOe8J2xugrUkdHzJEEwPBK1XUR/OMsQdxWZPwT1GgEZqH4n+p6C+zTbDdFiP3oqfEH3wQI63Dvxm3okOv3u2AbSPx/qOq40P6jaMpgmSZEMkkAaR7gFKyF4q/7KPNs2p2iDIIvSib0J1Q5QVSMfyXuIKEMfcwFfyuIQisEbWFukR1efET+I/hrdE/bvMj2UZS4mH1SM6H7KC3Ivep208z0ZT7/9yUGpHJBF9h/Guf2r+DE73DrCjHIzv4r+Kv3aPr2bBUiGHvM8qDWb5GWxSf7C00KegfXs4T/WGGAFdh/HcvVLYnbO5Qj0T1ICvzbBxdZ+gb81dw/uCuk8ufg77BXeQVAUqJISxzJ0eA+mA0Z/LPsbxL+fi3xaxKftLkF+N+RbOIJ+J+aNZnM2NEwT/w7qqBLbW/WSjHhBrEUey4NWpdgHrBwPzb1hHbvIUmF4q/ao5ePv2/uxm59h6S7RQxlj0Rg8Bcq8N/MYmxr4r+z4K/IT7cqeRVaSuDPLtEAtP6ARwHS4ZzsroDuiyFbwMoQmA5/y6r4gbmbOvUdEn2JTLK67BEtib8u/l4JZGr62Q22KvwZnSZxd/OAX0RzkzjAoPcYZoS6n2ADvMjZKNwCNqgCNFSVSpHw90K2ABR0TrDAcqhR0xQ66RFZEli3ng1//zhLxfCXE9/Dr1I4j1TwRhSGzQ3ljurEFIOoDDzyXG21YB30pQUA1tbtkOKv8IDK/p+LA05bW6ebGWnlkA/zxX2yyaiGDbDZ8J/B/6z4FX9Vx/vXD47O62dnne21CldO2Z+WoMHT58/ne2XKGuc0bz1IQPkTuvpHTz2+EsCzcEXh73/xay9UANxOxL+2kWmQIop5TcSOyT49EoFZGP7Zqgd2oNN8Vhq1AMpu+b5t8zd0U9YOG4A/X7LFxWBQHlvV3me4Gea6lzghXqRI5Du/fzkF/trSB6rdDkQl9XAK3MLwz7IfdXEWePsajqcaxlgOsVd/3qs2YD+1ngWzuhzEvAhKFkj8X4l/lorPfwJfFBEjqjaJwCwK/2yBClPnbb7AfnZ71WD7kn0FGuZnxmjlyqbYGD/6TPPh3jKpEP0+bzqW+X+WiuNPnP1RRIyOCa5otRj8mbS/mP+Ap4zxcjoiP9k4N7LmlcD2OluFAFxtb1XU+ge3Av6lGhBsRpXwf56J/+Pkt5jXUF3bRK2V+FuWJYVF5j7/sY9cUKD2Nzsd+os1Ln7VYZbWIOs3YPdPtA1kI3Yz858awMP9mfAnumYUkXRJLQATyTml/QtxrG/GX+b+Gp/b+pokpkF5VuSYCB5UzSYvR7di6v3DpKoo/aUs/pPt3zz8SUpQrOvQ+Y/sBQX+K5D6uUcHYN74y+xfVRjHAF4qzwOYO9ogS+9aLq90KYmKV44sMYFV+E/2v+XhT8yvONuKZPjhFDid/9OdOf88JQX+0r5ljd/1KCOJ4Ol7bZRxAEkQuINMOuInw5lAOvwVr1Icf+zrTOo9EAccToH7vvz/lBT4H1G2oqzL1c4WJbVg/3ju7utrUl6JsXvaeMAvXmIBoOL/o1n4P62mF/sayKKIhMIi8aflbeSkbEEbgSyiKyE/1ST5RANwCY5ONABUWIML4h67QPsK/Uf1DYXxl1SdyKYh34sNsAXhL6F6nn3oVLkXla9njfqTEJ69sAmbjFaL8xZigfXfM/gvz4Q/DerFvk6ckkKKECwIf2nbgmL6Z0obidcw24yp1B+E8CcVwXS4uEVskKqICv9DgfyHHPypZIsLDlNvC4rALAZ/2o13qHhIXUDZ5lO6J/w+mfTzhANJ6ssYx2Jar5wlfSEB0B9m8Fe5H4rjT5GOXVontMpSOkMWgz8xsRVFuQwksTDn9PcMNnr6EdJTVT0IPyj+sBs4SVFvQSCSuEChEMEzSUB/mQF/h4ZaKnE1QrpPBkVgFoP/Vk2+kqFYjQvO0ABwzQFXzxtdPqo40D3d1/iMb36KPLiURElckoGoVD+L408Mp+TTtpRS2VgU/mQ6NFWOt/j3za1jNKHgu1kcgHGEw+c1i/81xp8xF1vAT/yRW8R/xCY8Ev8aKr3ghfnPqo20tkTS0lwDlAK3GPxpiFrl+RE/ZIFTVN5MJZEi3+dJ8h9gCfyHDx/2wHUveRdE+1HvAC6MPxW06n2jaMYtBv9tbT5MTLBCLCi9TgxxLzM3YRX8lgagJxURwP7qgRQDhvwTmv+grtFdFH9qfiWa/rr68qLwx4aVXJEiJLGxECrf41/MVO8CDwMfgwEdgJZUWcAd5OAPHlFJ/JbY/5ghClBSt5PWQ0dV4BaDv/InCYEYE2wSi4rGobp6ueSRaL3R2+yHHv9fsDOG4H8/0/yngjadWwROFIFZOP7KA3sgPGmHvhNsByiPLwCiDjmogoKJ7Mpj4U6kmP3DmRg0/UFdAqgo/pL5lXjapH0+SfuF4y8XBIley/OiNNC7VJ9QGwpAUpTlmt5lyAQbwK4vhD9EiIn686E+KKwo/tSxGDxsRUTD3WmmwWLwRxWR1ex/xdwNtSKXeNM1ezKYjL80/1k6//8wij+k5RL2c6lmcUXxr9OkyiA69KxGp3/Kcxeu/2QrIgNdxBIK/6DaUONYu1WKv8x/0PgA/rfE+0nTb4eaAkxF8dfu6CFopgt5Mfifp7NELggYPRL/gYjfTPFYIK6A3ubLX+yDg/KUH/H87y+Br5OIX6XzzSiOf34hl+T5RC4sBv+DlEv6+enmWPxKW/cjgm2nVP725NqG7Dpp8WigFLg+WL+E/audP0Zx/CflJ4dopkxX2oCrwz8W2HPCfyM5miHnSERBeI+GklUxdj+Q87EyQxorqJH/E7F/g2Y/qzdfG4Xx1xx6IBOK9xWqP2zfRJfn7v/0dWk/Ibn47VSsCrLbqhL9zmgwSTY0+P+N1P8Pzv97yn7K1R+TabMY/uirV9X4S/XPV5WXp8Y/vaLm6QkR8Ws5mfqcbPyU2WwEWW5SN/dxI9gHnKZA97myaTxT7Wc2/OW8Ag2hVU8TTXT1/+Pxmnv8S67HKBEWv+AoYrH3ExL6R5fXf7JbvQZZ9mMYCf73hjFKK3GMufC+wvxHrfwbhfE/kdL6dGQl70jjBbX4/AvqMG3E/Gpe+CdqWvZACEI4mgTOf3eQUrWl3Ovbesx2w6KWgypEexP1/53RzV/DW+3xbAXxPy+m/6BsP5qIGXlGHfn8lxileeGfqDVK539KWJ02Nzi7yct9CBFuqURoPFIQG4vV/373FvZlFJG+hfE/06v/tFBZUpzwlEiMhB3TU8F05x9NXX8m4ZP5+BPtmL9zbuX/CP5rFQeJ8QfLbDnZfA2+50fse9DX5C6Iv7xNKTn1WzaAE1XOpZlQUc3UFcrHkhCJvP/oIEuF8E8u5eNPfi5wNanPBP8nZf3CCP8Wl69JIab+kDfFqSea0m9l8Kdg8mZuRA7JgMOfTXdB29bGurt+QM+ETIu2ZvbfNSVSHe+uyr9NwruqE0ETQrn0FugMk3J/QgGbpZj/90YGG6WhLy7Mse8z73jaYvjT6AvxF1LHBPpsSWTbNbMpr5b01J657T+ND25SZh4mhL2JomV+7o/C9I1wifB/4ojvd5H0den015+MVwx/CR4c2qAZfyjlRnNUqrqfueEfz2y1+zkkspXTAue/m48+mFdKBMeQsjsI92hcRa4fqIHIyM67vBMZiuDvyFtXsMF4SDQjHMnbm+SyQxHaueEfp0kqQorog3B9OwjH3Oez/9a+Rn0M09AHPc7gI/bf7/chdrxMp7+eiuEvl8NF/nKqmWK3i2q/Ee0m3TA8v/3v0ahrwl+KB+Fj9PWVquEGGA0HidSmAUc80v5B+TRI5PEq90CSYvjTPeUW3mgk7ffEmQRnOaX3K3CAVNp0fvjHU0WZfRIR3spmQ9JknvrT+tR4UuO6iAMRF4uczyLvGdu+mrhvTMX4vxR9wfgfaDRKTq6ilJym6fzwTxKscipdYfErLBO9+tMa7Gvxc1i4BVKcjRQdBiAq4KLp/3Wbf5h2sfkvRV/QWcgZ1oRDqdo6YKIl9vrOsf5GVKYizwDAkonrYMrUZ3BEVHtV8Bzo8IueG/wRdYj70fRnZPovu/nnIRWb/zTKS+J1UqlcWgVuQ3PwkyVvjJsj/uGgW3kOUJIlt2UwpfrTqvae9vOOs2PRjjHhF70KC791X7goQNN/OOk4qkL4u3T6k8wyqdiXFPY+9dQyoCHFPOZZ/yecLEloYcJzXJdj970w8xxT9cfbSCSD6rET51FxgoTR6CQMOHsEKz/qos+ICuEvBa3I1JKQ8yS/r3umOHexYXYk6ThP/COOyIHVzF2yZGucv1zGqechfV6/XuZLzZCYyNFt/UxTH7ojSANF01/veItoxySk3i27SRuZGP+2dC8Td1o5q5kejHK499pumM1OJt9mxZxECpfoOmmQCqVQu69pq+2RstWwlhmhKBU6D7WQ2G+B/4ivkSj09UEdz8OXib2sUFKrWq7Uqp1zTxHLa2/U7/wIJf+uvqHQDOVeFDTxoeR6uMXIO9PNfyx+Yb0yJg+Aka18ooJFlEd/TA9lhqJ7OOye4/f8iyRewm2vbG5trrTd5Mr3keOJ3DZTJzoJ+8nZcTuJ9iH7QZSnfw+F78ihSZ+lTwP+P6EDgbA6A0uIDXSK8QxFKUH7bz2CwiOq74VFoLHl5Xz3TPuvkvBC6zRQIn7NqatSMiaSf6D0zztoP+D2xzm3BZi/1GHeTW1ZpgWTeoWHSrESW4eIX/nYuDK//Mbxb73yF3gBzaffhyPZUu4zvC3EfOI4ivJV826Gj+ZfkK64lLQ3HENxS/sFpwcHBxmR3gGzQ5NWTsRvbpggj8Lkzz+i/HkXDsAYE91neJXj9Ee0neh3N50D6Su2UuVvZ+9E/sRTfp04eYUOWZevIFv5kGqUKaR39AZWoWrxxRrXnBQM/cAzITpmdqje1YY5zk0wFQTYIpwQps8jSD7vjUXaZ194/flvJY6H4XJBvpaGT2y/Zh6Re8i0tf2mKVlWm6a0xUrYUMT/s2JaNhoimpKC8KfuJYI/SmO0PfNGNhz2uCwVdoUnSVtx+JdSApNCCnleunwSvrdHOBdSyN4r5jjJiRdfw69REQPCCPH3Pc9r+Db/jtouHjbA3/aABD7mNmFoavz9VXKF4m9GXYlOJfx9L6YM/tH7QaxWOua5bsI10/SymsyeZ6m34OUc2lGYWBSyATb0i/P+pSEYDCjopTltM0scf79T57S3A76yoIOWLH9TexXunW2b4GWuEeaixr9SO8ZXCP4Hh7wvGPA10SnBP3wJQeSECo5/9H43pg87F/HgQFakt7rV3jzi4yCB3ba5EaCa3kT85hwan0cO1D8ZtCCv4V/Ofbpw3Agqdz7B54+JwxFPnNM1ny5Ijn+coOaemPIU0+CPEZLwTx6TfRQcf90WoB3bin91E47TbOC47qFn+XdiUYJOSYaGCT+or1BvsPjNixLnEmw96t3CHkcufLu/RAlu5PUpyHyMEH/4dPgK98ZOMwKNEP8knr5Sk5xravxtC0VeJfyd+LE9SZ+djH/YHFz7mGME6XzhqMoOH5gykNsm9YgdjupNSgWIKz9Qg5Wr/l2Y/ZA1iuyuEh118KfzWZRUJDck/I2TplVBN9X4r61yvA7SK3OY/2jVOY2KhVyEXJLaOxEXe+BSQE75Oazxz5H1EOp81pjIE+m5F568c8Xh/yXOa0sjXsWZjyHhDzlryGtC8Qe9AbtUVPjbqxB0R1lt88UfAoeoyJbQZCJ83Xa7nVH5dr1sCaYtyfk/BUHph9ZgFNb8hEI/EH9J8J/ociZE8beIWkjxh7gGXvxK/Nfg3MVGWp1gzvhv1AiDrMnxNomc1UamY5xKkKyecuRw4dsbiaDjUjesKnYVyd7PqwnxRpkI/rA2UWyd4g8HivLBSVaABn/XthNQ5o7/RY1YrEJvzdPg3TXfvqEY4wKt/P2ncKsw9tYThteoH+6z5mxomDgdSvZI8OdzAyfwUPylwVHjfxMKkejInrnjzy04nNgJWo9t7m3pP7m94wfYDeeQfVETNmkoiaue91AJwgG3G2SaO0YiepUVVvMJ47/ZpHmrFP9zzyKb2nT4G52GFdSjK4Xxr22sK4NABP+2KTGcOy6QK75pn2sPM3VXGySoR6xffYgshxgb9EL4u0uwrQgpnvflHf6J/u9unpuSQUjwB596E2sYWvwFSqfhlcL4Jzu6Jf8Pxr+96kvHfLq7ZuSZ2NWNgLsbYLMFi19rCuc/g6Pw/gGe86v7LvZUj+PJ/+HkRuvVBOZo5OMSRjz2R/F3jbits7UtBgd/uxZ/GKowXF4Gf41SkuK//lAD+1BSMk+CMKfaz2if6SeatbRHksnXKC1+Oe4/W6Nw9n8I1h85HYbK03UmE0pftuSPgLmyA0fvrplg+9tUW9bjD6n/zSOjHP5ectSOjL99x19ht2ECckEmrda9uON3rOzIpHRsriVA76FsjEl7hBXksNcnsG7Zex8OfnTieMvwY6TLEc0n4X9rNLyGxxnANl3EHH+/3mn6YtOEHTSpsZKDvxDVK6Xw985PYnqQ/D/BiRm+Ap8fHdWMXTnyglxusmWuxs/t3niNxKetqk+ZQyK+JazeUT/UM91Q8Rkul411JZT43+pHG7IxIvw/Ye5Vw9w5klyFOfhza1Q4Quek/6wfi23tfH7ozFUXZFfjSHOXT4i7ZAAcF0y1dnu9vblVkv1zrvMqDhkfvY+FpI2iXcPbkko/IuR/yxDw/0PBhbx6OyPY8/A3uKQ0T+anf8JeJit7JBOi8yA/lng8nalFif37jzhi+TY8pCrkPcOr++lYj6CO/tNj/eecq6W1rKGei/+KcEPMDX9QqRpyqJDMCGihOKIc/e7ubMdvGlAS0RX/FqyejTnb+eL/HxfK1dJRAfydNdvys9mUufjDfPS31+dmfwn/sqytHx8dJ0wRXrIiPyw1n9bZllB01CkA7n5w9D+/li8hR3SG3IQC+AOwVpCRVfn4Q/2TAEy2Odm/Z0HWW3bTDJLHRL0VzXfEtD51sBFTpHUOgfNczjL1BRXBP/Sky7MvH38R/uDW6bzwB3zllGb+7pC9H/94RZ/xPEeCJTBe/uL4v8IRebOm5RTC39jzspliE/APdx/Nz/8Dju2AZlRBnmdcZumwUfFLqpOlyQnF7vhq+DW8enHDoyJn7LMY/u3ArvhrdKwn4e+Ww38ryfQhem5q/x7X5EUIu5L97fAgUHOGYEpRghQHQH949aw6F28qKoY//FEWAZPwFzJznv6fXd+SFuEDhN29zsPhDVfRvLwdp/MhZlxypr8/irOk50AF8TfqgSXNvon4g60/R/+PsV7LHGV6JlJeggbXfRr+dKkkhYmbXbcft8oi8jPQXq2Rg38jNdFvgoYn5T80miR+sWJ6Adml0jY9L5CNolPTq8lpObtNOIU0JoJ/JWgkv3rB+zOpCDg2OWe0xEHd3wy/YYzHoIDONQ/WMU7Oj+q6IOjK+dH5AfrL0Tl2ca3Uj44e8Ou0eQvqAtjgV2SvGH/sXM46eIAnYzqvYyT5hfT9oF0dzwFmtI93dyqVtUPB+/8HICstZk00ujsAAAAASUVORK5CYII=', 'https://www.google.com/search?q=page1+image&rlz=1C1PRFE_enRO663RO727&source=lnms&tbm=isch&sa=X&ved=0ahUKEwiHrqC32KrhAhVmmIsKHax8B_MQ_AUIDigB&biw=1444&bih=785'),
(2, 2, 'Page2', 'This is the page 2 ,this is the page 2', 'data:image/png;base64,iVBORw0KGgoAAAANSUhEUgAAAX8AAACECAMAAABPuNs7AAAA3lBMVEX///8jHyABrvAAAAAAvfRtz/b///0kICEfGxzg398EAAD//v8/PD02MjN6eHkWERLm5ea5ubn4+PgMAAUWEBIAqu8bFhfs7OzR0dEQCQvGxsZWU1QqJidnZGVJSEheXF275PmpqKl2dHWJhYaXlpYAufJWwvMAp+6hn6AAvPAQsfDPz89ubG2Fg4SxsLFizPbp+PvX7/rK7Pt+1fWP0/MzLi+k4flEQULm9P2bmJl7y/M+u/G44/m/6vmAzPOd1faw3vk+xvSQ2vfY7vw8xu9Ovu9ux/Sq5Pdkz/I9uPP5YlGNAAAfi0lEQVR4nN1diXriOBI2OJEdnEBijImTkJsmkAPIfXaO6c6k3/+FViVfVbJkbCDNfFs7O9Nty8L+JdWtkmH8RWLjD4Oxv/mL09PKxvH2TqVS2dk+3lhZ9MvMhxh77w4Zc2bs5ryupPOHi611Vfv2maL14UHeT5zWTbPWsCsVq1KxvZoZnG9m2qyruqWk7HsF0TSfPz2xl+5Svz/iC2CmNbAWNBTkNYKaafqdC1duv2LymzLVOvof2LwzG5WIrPA/DXNbHgFlt5gCW9V5x0ypMQsM5Yn1lzj1X2ZcAqt2RU++6R1LI7BhKtrZq9r+z01f2fE5bbai6pb8xI6ycyttsDYLDOXptssHoL/U/Xc2GZCLv2XZTYtO1YuaqqFu7rm7yuacartkYKfC/wA/9FfxZ4a7FFH3Y6YVkIu/+C5zC7c/95RoZvhU1HtD1VpQg6yZafC/IM/8VfwddrWUDMDVLCtgIv58AFJB7BiHSvxNtfDrBDn9Bnuo5RT4S5zwb+LP2Kgbw98XAzD1EEzG3/J3UftdFTuvmFmNxpAnaPahk7RpefxlQfQX8XcYG3b7S3NZAZPx50AhDqSc/pWaSgF1J2FqtpO2pfHP6AF/EX/GxkuY+lwGTNtXEfz9lFM4apyCY0XXx3ncB8hLdfqy+GeX1hzw5/OaS1b4l5MrUbnptUSJa0HGdEK4CP4VMxGv62qcPJV15NOuLfjHsvClWrIASuJ/kG0+B/zZ+Ofr8+V4ZExg5+y5K+HfX3qZkgUVw38jbr6JPnwnBdPfzvYsc4iA20jSikjZVjn8jxWtp8G/TcQWY8+9Fqfq4Onn2zi8onqKGf0lmfrdESyb8q8g4Q+GZE0WsVbKXhCo9u5O7sefEVFhN05WVjYfqDmQDpuMvycTtn/rShuwJP7u1vmauYedB4ztt6ohtVq96o/XsVKvYewjiz9fAdP5ISj+zQs+Jy625e/zE//CSTO9eIZ4iZ01AAiniTXUTToACWOT8Lfz/D+dGu16CvydjY5perZH/CYI/2p1MKj2WoOf48wacNiov6QYgKVfbJoRIPhbtZDRbEkDkGqgyPwKTm7SFiknj4lKimgEmdEhiyvRrCT8mzlvvG6q4C+D/2bdFF4Ry9fjH62D3uBjRPkQY1ddFfxgCM/Mfzj+DgjyA9ltEDdH8DUv1tKByxoA1FHRjDn9QRNfThhbCfzbalFRFH9n486MJ9FE/MUQfI4JlxrLwjcZgMtZ53+lFgtam4qFWtz8Jr1ubq0lf7GokwKIap+RBHekpeUdRq3/Gv4HO6adaGFF8IcheBLIhrObDZWzH0RAf374S24GM26efjuf8ujZ5onccYf0kKyPTcqWYgH8N/Dn6FwA+ujni+FfHfT4CAhZzNiLmvuIAfgqz4E0+J8EhMnG+GOT1lzfTpkRZyTST1NHReIgokAnoE2Fv6/sSk9bdzD3p8Af1sCPeyEF2FDHfsATVJ4DafDfkPSULEyW2UbCoHEmd7xGOk7wp2I50eqnwd88wj8xAX9muGeZUEQJ/Ku9nzC5mVb8hkNQ2hetwV/SgGL8T5HuYbr11LtMfHRAzo0a/zYdWCu6PAX+jT3CiSbN/wsz6wsvg39rFGpBnAMtKfXPpdARVHIAyuGP9SKPHaVflPl6l37pN+AfuOvF8Xf3VFKjDP/5DPk//O++r+NBYAZ/J/5IqeGs4wGpOJ5kAHw7/uapURz/U7uhMhpK4N8TDolR9R/mMOa+61ZA96ukBCiDv2PUyYzHurwpZUt8N/7mg1Ec/wNT7eUqgf8fofx89qpvDEbgSycByorgcvgjjYdzfGxi8elI6Hvxt5qHnBEUxf9Q59wrjn9rH/D/h9/vPYKLWq8GvSuddlquVI7/7KSt/T3SKHWR/g38PSHui+HvbutyAErgPwC/AHuCP7V+u2ALLOsXgAJsrUe7FP5uQN4d21KBZIB9J/6Wv+YWxr99pw7ZlcF/0HqF+Ep0u/U0Yo5+BfxS4e+O5oE/Vvi8OgGtISX0fCf+tt8W1l4R/Ns7evhL2L/i9iBmRlzL4fSrq5TCsgRw+JOXy2/zwJ9M+GPy/b6UAved+DcjWV8A/7alzBcoiX/rJ9z/SO62qiOQwu9qP+iQ8hrGRtfD5eV54I+vBgdGG+k/9l1B/E0fUcOfBv9Y1ZqMv5sLf3H8R+D2R8GB6oDLAGO0pLTEuiMn7RLsNY7+8vB+Dvij6IvwKKOlbe9QpqfFf69DaAr8V2JX02T87/T5XyXwb/0Aw+snufkHoB0rXBH9bvdf3Of4CuBfHu6rJXAp/I8C2hRPLpMaYDr8NVQC/5Qm4r8dKEM1ZfHvgfNzJN37ASLgX9UAvCTylxnu7VDAv7ys8Uxo8L9Q+t/O0HQCjz9SR2UD7L+A/7lW8VTib+jwfwJm/0O613pUaaH97q9RFK0BHelyOUKfLwB1NF+D/7HS/4wbA6Lk7zQC8x/Af0L6XQZ/mP+tXq+VCUI+c1ZzmRmaHldpHNaX4EepcKHcTfAfl5n/JExrxXjI8x23ql2QfheP/8SUlgz+DiB0f/n2+NSCUYjVzQFc/qMQC5AfMe6mZoDIRk96M56HCP7l4XMZ/k/VBjtUE9tYlQb8kTuoEjyQfheOv+QAV5AdmHuqbsHTcP/22epVxZxvXXOY31ScaQCIpsko/W4/sbL4ivnA6IcCQPFjavzl3OLd7Pc2XJqM3jgk/S4c//qE7EfPvDlWZg0bwlvA6fJRDIBQPgcDBf6tTyPeByP0zi+UguWwl2WJlOkpSvzbFXI1ztM4Rd8r9E0cY/fpXJoN/yC/dUR5+MspNOR7KnYtqOvAh8nrhFix/d+93k8+FNcaxXQfbNsuhN45/LcgccXUZ6CBjqT5PxypfoviH3rRtnYkqyU4Em0v5O0+2AEtff9s+NvbWSqFv7uTw31sc+dEs2FEGghmjD9HWd0z5j/VFqyTrz6npf445i9s9D6AaIE8/y8n49+oH5wcrma85ZFsPUHT3V7lk4SwqYB80mz4V2xfJiv7UA7+5zmav7mTu10T4y8yoh3jUwl/NVJCIR+uO3QTH+cHNwpu+cO30vx/nox/pdEMGtmZE+n2WNyKzBGyyKkBNiP+GVLt/9Ljn9Ndo5ZJlZlITz0V+490IC5pgfeIhnwIXvrglnvnJsOlxIBeVV0XyX+OP63jp5PKg4SHU4I/YaiLxX9b5/axzbNMpuRkYs/awMATcCDOe8J2xugrUkdHzJEEwPBK1XUR/OMsQdxWZPwT1GgEZqH4n+p6C+zTbDdFiP3oqfEH3wQI63Dvxm3okOv3u2AbSPx/qOq40P6jaMpgmSZEMkkAaR7gFKyF4q/7KPNs2p2iDIIvSib0J1Q5QVSMfyXuIKEMfcwFfyuIQisEbWFukR1efET+I/hrdE/bvMj2UZS4mH1SM6H7KC3Ivep208z0ZT7/9yUGpHJBF9h/Guf2r+DE73DrCjHIzv4r+Kv3aPr2bBUiGHvM8qDWb5GWxSf7C00KegfXs4T/WGGAFdh/HcvVLYnbO5Qj0T1ICvzbBxdZ+gb81dw/uCuk8ufg77BXeQVAUqJISxzJ0eA+mA0Z/LPsbxL+fi3xaxKftLkF+N+RbOIJ+J+aNZnM2NEwT/w7qqBLbW/WSjHhBrEUey4NWpdgHrBwPzb1hHbvIUmF4q/ao5ePv2/uxm59h6S7RQxlj0Rg8Bcq8N/MYmxr4r+z4K/IT7cqeRVaSuDPLtEAtP6ARwHS4ZzsroDuiyFbwMoQmA5/y6r4gbmbOvUdEn2JTLK67BEtib8u/l4JZGr62Q22KvwZnSZxd/OAX0RzkzjAoPcYZoS6n2ADvMjZKNwCNqgCNFSVSpHw90K2ABR0TrDAcqhR0xQ66RFZEli3ng1//zhLxfCXE9/Dr1I4j1TwRhSGzQ3ljurEFIOoDDzyXG21YB30pQUA1tbtkOKv8IDK/p+LA05bW6ebGWnlkA/zxX2yyaiGDbDZ8J/B/6z4FX9Vx/vXD47O62dnne21CldO2Z+WoMHT58/ne2XKGuc0bz1IQPkTuvpHTz2+EsCzcEXh73/xay9UANxOxL+2kWmQIop5TcSOyT49EoFZGP7Zqgd2oNN8Vhq1AMpu+b5t8zd0U9YOG4A/X7LFxWBQHlvV3me4Gea6lzghXqRI5Du/fzkF/trSB6rdDkQl9XAK3MLwz7IfdXEWePsajqcaxlgOsVd/3qs2YD+1ngWzuhzEvAhKFkj8X4l/lorPfwJfFBEjqjaJwCwK/2yBClPnbb7AfnZ71WD7kn0FGuZnxmjlyqbYGD/6TPPh3jKpEP0+bzqW+X+WiuNPnP1RRIyOCa5otRj8mbS/mP+Ap4zxcjoiP9k4N7LmlcD2OluFAFxtb1XU+ge3Av6lGhBsRpXwf56J/+Pkt5jXUF3bRK2V+FuWJYVF5j7/sY9cUKD2Nzsd+os1Ln7VYZbWIOs3YPdPtA1kI3Yz858awMP9mfAnumYUkXRJLQATyTml/QtxrG/GX+b+Gp/b+pokpkF5VuSYCB5UzSYvR7di6v3DpKoo/aUs/pPt3zz8SUpQrOvQ+Y/sBQX+K5D6uUcHYN74y+xfVRjHAF4qzwOYO9ogS+9aLq90KYmKV44sMYFV+E/2v+XhT8yvONuKZPjhFDid/9OdOf88JQX+0r5ljd/1KCOJ4Ol7bZRxAEkQuINMOuInw5lAOvwVr1Icf+zrTOo9EAccToH7vvz/lBT4H1G2oqzL1c4WJbVg/3ju7utrUl6JsXvaeMAvXmIBoOL/o1n4P62mF/sayKKIhMIi8aflbeSkbEEbgSyiKyE/1ST5RANwCY5ONABUWIML4h67QPsK/Uf1DYXxl1SdyKYh34sNsAXhL6F6nn3oVLkXla9njfqTEJ69sAmbjFaL8xZigfXfM/gvz4Q/DerFvk6ckkKKECwIf2nbgmL6Z0obidcw24yp1B+E8CcVwXS4uEVskKqICv9DgfyHHPypZIsLDlNvC4rALAZ/2o13qHhIXUDZ5lO6J/w+mfTzhANJ6ssYx2Jar5wlfSEB0B9m8Fe5H4rjT5GOXVontMpSOkMWgz8xsRVFuQwksTDn9PcMNnr6EdJTVT0IPyj+sBs4SVFvQSCSuEChEMEzSUB/mQF/h4ZaKnE1QrpPBkVgFoP/Vk2+kqFYjQvO0ABwzQFXzxtdPqo40D3d1/iMb36KPLiURElckoGoVD+L408Mp+TTtpRS2VgU/mQ6NFWOt/j3za1jNKHgu1kcgHGEw+c1i/81xp8xF1vAT/yRW8R/xCY8Ev8aKr3ghfnPqo20tkTS0lwDlAK3GPxpiFrl+RE/ZIFTVN5MJZEi3+dJ8h9gCfyHDx/2wHUveRdE+1HvAC6MPxW06n2jaMYtBv9tbT5MTLBCLCi9TgxxLzM3YRX8lgagJxURwP7qgRQDhvwTmv+grtFdFH9qfiWa/rr68qLwx4aVXJEiJLGxECrf41/MVO8CDwMfgwEdgJZUWcAd5OAPHlFJ/JbY/5ghClBSt5PWQ0dV4BaDv/InCYEYE2wSi4rGobp6ueSRaL3R2+yHHv9fsDOG4H8/0/yngjadWwROFIFZOP7KA3sgPGmHvhNsByiPLwCiDjmogoKJ7Mpj4U6kmP3DmRg0/UFdAqgo/pL5lXjapH0+SfuF4y8XBIley/OiNNC7VJ9QGwpAUpTlmt5lyAQbwK4vhD9EiIn686E+KKwo/tSxGDxsRUTD3WmmwWLwRxWR1ex/xdwNtSKXeNM1ezKYjL80/1k6//8wij+k5RL2c6lmcUXxr9OkyiA69KxGp3/Kcxeu/2QrIgNdxBIK/6DaUONYu1WKv8x/0PgA/rfE+0nTb4eaAkxF8dfu6CFopgt5Mfifp7NELggYPRL/gYjfTPFYIK6A3ubLX+yDg/KUH/H87y+Br5OIX6XzzSiOf34hl+T5RC4sBv+DlEv6+enmWPxKW/cjgm2nVP725NqG7Dpp8WigFLg+WL+E/audP0Zx/CflJ4dopkxX2oCrwz8W2HPCfyM5miHnSERBeI+GklUxdj+Q87EyQxorqJH/E7F/g2Y/qzdfG4Xx1xx6IBOK9xWqP2zfRJfn7v/0dWk/Ibn47VSsCrLbqhL9zmgwSTY0+P+N1P8Pzv97yn7K1R+TabMY/uirV9X4S/XPV5WXp8Y/vaLm6QkR8Ws5mfqcbPyU2WwEWW5SN/dxI9gHnKZA97myaTxT7Wc2/OW8Ag2hVU8TTXT1/+Pxmnv8S67HKBEWv+AoYrH3ExL6R5fXf7JbvQZZ9mMYCf73hjFKK3GMufC+wvxHrfwbhfE/kdL6dGQl70jjBbX4/AvqMG3E/Gpe+CdqWvZACEI4mgTOf3eQUrWl3Ovbesx2w6KWgypEexP1/53RzV/DW+3xbAXxPy+m/6BsP5qIGXlGHfn8lxileeGfqDVK539KWJ02Nzi7yct9CBFuqURoPFIQG4vV/373FvZlFJG+hfE/06v/tFBZUpzwlEiMhB3TU8F05x9NXX8m4ZP5+BPtmL9zbuX/CP5rFQeJ8QfLbDnZfA2+50fse9DX5C6Iv7xNKTn1WzaAE1XOpZlQUc3UFcrHkhCJvP/oIEuF8E8u5eNPfi5wNanPBP8nZf3CCP8Wl69JIab+kDfFqSea0m9l8Kdg8mZuRA7JgMOfTXdB29bGurt+QM+ETIu2ZvbfNSVSHe+uyr9NwruqE0ETQrn0FugMk3J/QgGbpZj/90YGG6WhLy7Mse8z73jaYvjT6AvxF1LHBPpsSWTbNbMpr5b01J657T+ND25SZh4mhL2JomV+7o/C9I1wifB/4ojvd5H0den015+MVwx/CR4c2qAZfyjlRnNUqrqfueEfz2y1+zkkspXTAue/m48+mFdKBMeQsjsI92hcRa4fqIHIyM67vBMZiuDvyFtXsMF4SDQjHMnbm+SyQxHaueEfp0kqQorog3B9OwjH3Oez/9a+Rn0M09AHPc7gI/bf7/chdrxMp7+eiuEvl8NF/nKqmWK3i2q/Ee0m3TA8v/3v0ahrwl+KB+Fj9PWVquEGGA0HidSmAUc80v5B+TRI5PEq90CSYvjTPeUW3mgk7ffEmQRnOaX3K3CAVNp0fvjHU0WZfRIR3spmQ9JknvrT+tR4UuO6iAMRF4uczyLvGdu+mrhvTMX4vxR9wfgfaDRKTq6ilJym6fzwTxKscipdYfErLBO9+tMa7Gvxc1i4BVKcjRQdBiAq4KLp/3Wbf5h2sfkvRV/QWcgZ1oRDqdo6YKIl9vrOsf5GVKYizwDAkonrYMrUZ3BEVHtV8Bzo8IueG/wRdYj70fRnZPovu/nnIRWb/zTKS+J1UqlcWgVuQ3PwkyVvjJsj/uGgW3kOUJIlt2UwpfrTqvae9vOOs2PRjjHhF70KC791X7goQNN/OOk4qkL4u3T6k8wyqdiXFPY+9dQyoCHFPOZZ/yecLEloYcJzXJdj970w8xxT9cfbSCSD6rET51FxgoTR6CQMOHsEKz/qos+ICuEvBa3I1JKQ8yS/r3umOHexYXYk6ThP/COOyIHVzF2yZGucv1zGqechfV6/XuZLzZCYyNFt/UxTH7ojSANF01/veItoxySk3i27SRuZGP+2dC8Td1o5q5kejHK499pumM1OJt9mxZxECpfoOmmQCqVQu69pq+2RstWwlhmhKBU6D7WQ2G+B/4ivkSj09UEdz8OXib2sUFKrWq7Uqp1zTxHLa2/U7/wIJf+uvqHQDOVeFDTxoeR6uMXIO9PNfyx+Yb0yJg+Aka18ooJFlEd/TA9lhqJ7OOye4/f8iyRewm2vbG5trrTd5Mr3keOJ3DZTJzoJ+8nZcTuJ9iH7QZSnfw+F78ihSZ+lTwP+P6EDgbA6A0uIDXSK8QxFKUH7bz2CwiOq74VFoLHl5Xz3TPuvkvBC6zRQIn7NqatSMiaSf6D0zztoP+D2xzm3BZi/1GHeTW1ZpgWTeoWHSrESW4eIX/nYuDK//Mbxb73yF3gBzaffhyPZUu4zvC3EfOI4ivJV826Gj+ZfkK64lLQ3HENxS/sFpwcHBxmR3gGzQ5NWTsRvbpggj8Lkzz+i/HkXDsAYE91neJXj9Ee0neh3N50D6Su2UuVvZ+9E/sRTfp04eYUOWZevIFv5kGqUKaR39AZWoWrxxRrXnBQM/cAzITpmdqje1YY5zk0wFQTYIpwQps8jSD7vjUXaZ194/flvJY6H4XJBvpaGT2y/Zh6Re8i0tf2mKVlWm6a0xUrYUMT/s2JaNhoimpKC8KfuJYI/SmO0PfNGNhz2uCwVdoUnSVtx+JdSApNCCnleunwSvrdHOBdSyN4r5jjJiRdfw69REQPCCPH3Pc9r+Db/jtouHjbA3/aABD7mNmFoavz9VXKF4m9GXYlOJfx9L6YM/tH7QaxWOua5bsI10/SymsyeZ6m34OUc2lGYWBSyATb0i/P+pSEYDCjopTltM0scf79T57S3A76yoIOWLH9TexXunW2b4GWuEeaixr9SO8ZXCP4Hh7wvGPA10SnBP3wJQeSECo5/9H43pg87F/HgQFakt7rV3jzi4yCB3ba5EaCa3kT85hwan0cO1D8ZtCCv4V/Ofbpw3Agqdz7B54+JwxFPnNM1ny5Ijn+coOaemPIU0+CPEZLwTx6TfRQcf90WoB3bin91E47TbOC47qFn+XdiUYJOSYaGCT+or1BvsPjNixLnEmw96t3CHkcufLu/RAlu5PUpyHyMEH/4dPgK98ZOMwKNEP8knr5Sk5xravxtC0VeJfyd+LE9SZ+djH/YHFz7mGME6XzhqMoOH5gykNsm9YgdjupNSgWIKz9Qg5Wr/l2Y/ZA1iuyuEh118KfzWZRUJDck/I2TplVBN9X4r61yvA7SK3OY/2jVOY2KhVyEXJLaOxEXe+BSQE75Oazxz5H1EOp81pjIE+m5F568c8Xh/yXOa0sjXsWZjyHhDzlryGtC8Qe9AbtUVPjbqxB0R1lt88UfAoeoyJbQZCJ83Xa7nVH5dr1sCaYtyfk/BUHph9ZgFNb8hEI/EH9J8J/ociZE8beIWkjxh7gGXvxK/Nfg3MVGWp1gzvhv1AiDrMnxNomc1UamY5xKkKyecuRw4dsbiaDjUjesKnYVyd7PqwnxRpkI/rA2UWyd4g8HivLBSVaABn/XthNQ5o7/RY1YrEJvzdPg3TXfvqEY4wKt/P2ncKsw9tYThteoH+6z5mxomDgdSvZI8OdzAyfwUPylwVHjfxMKkejInrnjzy04nNgJWo9t7m3pP7m94wfYDeeQfVETNmkoiaue91AJwgG3G2SaO0YiepUVVvMJ47/ZpHmrFP9zzyKb2nT4G52GFdSjK4Xxr22sK4NABP+2KTGcOy6QK75pn2sPM3VXGySoR6xffYgshxgb9EL4u0uwrQgpnvflHf6J/u9unpuSQUjwB596E2sYWvwFSqfhlcL4Jzu6Jf8Pxr+96kvHfLq7ZuSZ2NWNgLsbYLMFi19rCuc/g6Pw/gGe86v7LvZUj+PJ/+HkRuvVBOZo5OMSRjz2R/F3jbits7UtBgd/uxZ/GKowXF4Gf41SkuK//lAD+1BSMk+CMKfaz2if6SeatbRHksnXKC1+Oe4/W6Nw9n8I1h85HYbK03UmE0pftuSPgLmyA0fvrplg+9tUW9bjD6n/zSOjHP5ectSOjL99x19ht2ECckEmrda9uON3rOzIpHRsriVA76FsjEl7hBXksNcnsG7Zex8OfnTieMvwY6TLEc0n4X9rNLyGxxnANl3EHH+/3mn6YtOEHTSpsZKDvxDVK6Xw985PYnqQ/D/BiRm+Ap8fHdWMXTnyglxusmWuxs/t3niNxKetqk+ZQyK+JazeUT/UM91Q8Rkul411JZT43+pHG7IxIvw/Ye5Vw9w5klyFOfhza1Q4Quek/6wfi23tfH7ozFUXZFfjSHOXT4i7ZAAcF0y1dnu9vblVkv1zrvMqDhkfvY+FpI2iXcPbkko/IuR/yxDw/0PBhbx6OyPY8/A3uKQ0T+anf8JeJit7JBOi8yA/lng8nalFif37jzhi+TY8pCrkPcOr++lYj6CO/tNj/eecq6W1rKGei/+KcEPMDX9QqRpyqJDMCGihOKIc/e7ubMdvGlAS0RX/FqyejTnb+eL/HxfK1dJRAfydNdvys9mUufjDfPS31+dmfwn/sqytHx8dJ0wRXrIiPyw1n9bZllB01CkA7n5w9D+/li8hR3SG3IQC+AOwVpCRVfn4Q/2TAEy2Odm/Z0HWW3bTDJLHRL0VzXfEtD51sBFTpHUOgfNczjL1BRXBP/Sky7MvH38R/uDW6bzwB3zllGb+7pC9H/94RZ/xPEeCJTBe/uL4v8IRebOm5RTC39jzspliE/APdx/Nz/8Dju2AZlRBnmdcZumwUfFLqpOlyQnF7vhq+DW8enHDoyJn7LMY/u3ArvhrdKwn4e+Ww38ryfQhem5q/x7X5EUIu5L97fAgUHOGYEpRghQHQH949aw6F28qKoY//FEWAZPwFzJznv6fXd+SFuEDhN29zsPhDVfRvLwdp/MhZlxypr8/irOk50AF8TfqgSXNvon4g60/R/+PsV7LHGV6JlJeggbXfRr+dKkkhYmbXbcft8oi8jPQXq2Rg38jNdFvgoYn5T80miR+sWJ6Adml0jY9L5CNolPTq8lpObtNOIU0JoJ/JWgkv3rB+zOpCDg2OWe0xEHd3wy/YYzHoIDONQ/WMU7Oj+q6IOjK+dH5AfrL0Tl2ca3Uj44e8Ou0eQvqAtjgV2SvGH/sXM46eIAnYzqvYyT5hfT9oF0dzwFmtI93dyqVtUPB+/8HICstZk00ujsAAAAASUVORK5CYII=', 'https://www.google.com/search?q=page1+image&rlz=1C1PRFE_enRO663RO727&source=lnms&tbm=isch&sa=X&ved=0ahUKEwiHrqC32KrhAhVmmIsKHax8B_MQ_AUIDigB&biw=1444&bih=785');

-- --------------------------------------------------------

--
-- Table structure for table `degree_test`
--

CREATE TABLE `degree_test` (
  `id` int(11) NOT NULL,
  `problem` text NOT NULL,
  `response` text NOT NULL,
  `quiz1` text NOT NULL,
  `quiz2` text NOT NULL,
  `quiz3` text NOT NULL,
  `quiz4` text NOT NULL,
  `language` text NOT NULL
) ENGINE=InnoDB DEFAULT CHARSET=latin1;

--
-- Dumping data for table `degree_test`
--

INSERT INTO `degree_test` (`id`, `problem`, `response`, `quiz1`, `quiz2`, `quiz3`, `quiz4`, `language`) VALUES
(1, 'What does HTML stand for?', 'Hyper Text Markup Languag', 'Aplication programming interface', 'Javascript Object Notation', 'File transfer protocol', 'Extensible Markup Language', 'Html'),
(2, 'HTML is a?', 'Markup Language with Tags', 'Database software', 'Programmming language', 'Operating system', 'Programmming language', 'Html'),
(3, 'The main containt of the page are kept inside?', 'Inside body section of the page', 'Inside Head section of the page', 'After closing html tag of the page', 'Before the Head section of the page', 'Between head and body', 'Html'),
(4, 'HTML tags are executed by?', 'By web browser of client computer', 'Remote Web Server', 'Operating system of client computer', 'By Proxy servers present in the network', 'By your Android', 'Html'),
(5, 'Line break can be added in HTML pages by using?', '<br>', '<break>', '<line>', '<new-line>', 'no tag', 'Html');

-- --------------------------------------------------------

--
-- Table structure for table `dictionary_programming_terms`
--

CREATE TABLE `dictionary_programming_terms` (
  `id` int(11) NOT NULL,
  `words` text NOT NULL,
  `explication` text NOT NULL,
  `llevel_of_knowledge` text NOT NULL
) ENGINE=InnoDB DEFAULT CHARSET=latin1;

--
-- Dumping data for table `dictionary_programming_terms`
--

INSERT INTO `dictionary_programming_terms` (`id`, `words`, `explication`, `llevel_of_knowledge`) VALUES
(1, 'programming', 'Programming is the act of an individual writing code (a set of instructions) that are to be interpreted and executed by a computer or another electronic device. These instructions cam create programs, as well as tell applications how to operate or function. People who program are referred to as programmers.', '0'),
(2, 'code', 'which can be short for source code, is a term used to describe text that is written using the protocol of a particular language by a computer programmer. Examples include C, Java, Perl, and PHP. Code can also be used in a less formal fashion to refer to text written for markup or styling languages like HTML and CSS (Cascading Style Sheets). For example, you may see people make reference to code in numerous languages, such as \"C code,\" \"PHP code,\" \"HTML code,\" or \"CSS code.\"', '0'),
(3, 'object-orientated', 'Coined by Alan Kay, object-oriented programming, also known as OOP or o-o programming, is a programming that incorporates other segments of external code. A good example of an object-oriented programming language is Java.', '0'),
(4, 'linux', 'Linux (pronounced \"linnucks\") is a monolithic, open-source kernel, and a family of operating systems based on that kernel. The Linux kernel was originally developed by Linus Torvalds, who announced it on the comp.os.minix newsgroup on August 25, 1991. It has been ported to computer architectures including x86-64, x86, ARM, RISC, and DEC Alpha. It is licensed under version 2 of the GPL.', '0');

-- --------------------------------------------------------

--
-- Table structure for table `evaluate`
--

CREATE TABLE `evaluate` (
  `id` int(11) NOT NULL,
  `name` text NOT NULL,
  `descriere` text NOT NULL,
  `language` text NOT NULL
) ENGINE=InnoDB DEFAULT CHARSET=latin1;

-- --------------------------------------------------------

--
-- Table structure for table `games_code_play`
--

CREATE TABLE `games_code_play` (
  `id_game` int(11) NOT NULL,
  `id_user_1` int(11) NOT NULL,
  `id_user_2` int(11) NOT NULL,
  `id_user_3` int(11) NOT NULL,
  `id_user_4` int(11) NOT NULL,
  `id_user_5` int(11) NOT NULL,
  `id_user_6` int(11) NOT NULL,
  `game_type_id` int(11) NOT NULL,
  `time_start` datetime NOT NULL,
  `time_end` datetime NOT NULL,
  `problem` int(11) NOT NULL,
  `winner` int(11) NOT NULL
) ENGINE=InnoDB DEFAULT CHARSET=latin1;

--
-- Dumping data for table `games_code_play`
--

INSERT INTO `games_code_play` (`id_game`, `id_user_1`, `id_user_2`, `id_user_3`, `id_user_4`, `id_user_5`, `id_user_6`, `game_type_id`, `time_start`, `time_end`, `problem`, `winner`) VALUES
(949, 1, 1, 0, 0, 0, 0, 1, '2020-04-21 09:20:49', '2020-04-21 09:25:49', 6, 0),
(1118, 1, 0, 0, 0, 0, 0, 3, '2020-04-21 09:21:03', '2020-04-21 09:26:03', 2, 0),
(1882, 1, 0, 0, 0, 0, 0, 2, '2020-04-21 09:20:44', '2020-04-21 09:25:44', 5, 0),
(7298, 1, 0, 0, 0, 0, 0, 1, '2020-04-21 09:20:52', '2020-04-21 09:25:52', 11, 0),
(8237, 1, 0, 0, 0, 0, 0, 1, '2020-04-21 09:20:10', '2020-04-21 09:25:10', 1, 0),
(11284, 1, 0, 0, 0, 0, 0, 1, '2020-04-21 09:20:55', '2020-04-21 09:25:55', 10, 0),
(12162, 1, 0, 0, 0, 0, 0, 4, '2020-04-21 09:21:29', '2020-04-21 09:26:29', 12, 0);

-- --------------------------------------------------------

--
-- Table structure for table `key_generated_for_api`
--

CREATE TABLE `key_generated_for_api` (
  `id` int(11) NOT NULL,
  `keys_api` text NOT NULL,
  `date_apelated_last_time` text NOT NULL
) ENGINE=InnoDB DEFAULT CHARSET=latin1;

--
-- Dumping data for table `key_generated_for_api`
--

INSERT INTO `key_generated_for_api` (`id`, `keys_api`, `date_apelated_last_time`) VALUES
(1, '5e884898da28047151d0e56f8dc6292773603d0d6aabbdd62a11ef721d1542d8', '2018-12-19');

-- --------------------------------------------------------

--
-- Table structure for table `masterpiece`
--

CREATE TABLE `masterpiece` (
  `id` int(11) NOT NULL,
  `descriere` text NOT NULL,
  `title` text NOT NULL,
  `rate` float NOT NULL,
  `complete` double NOT NULL,
  `organization` text NOT NULL,
  `img` text NOT NULL
) ENGINE=InnoDB DEFAULT CHARSET=latin1;

--
-- Dumping data for table `masterpiece`
--

INSERT INTO `masterpiece` (`id`, `descriere`, `title`, `rate`, `complete`, `organization`, `img`) VALUES
(1, 'Html is one of the most known languages in the worldHtml is one of the most known languages in the worldHtml is one of the most known languages in the worldHtml is one of the most known languages in the worldHtml is one of the most known languages in the worldHtml is one of the most known languages in the world', 'Html', 3, 0.1, '2', '../static/stuff_to_update/masterpiece/masterpiece_profile/html_5.png'),
(2, 'Python programming language Python programming language Python programming language\n\n\n\nPython programming language\n\nPython programming language\n\n', 'Python', 0, 0, '', '../static/stuff_to_update/masterpiece/masterpiece_profile/python.jpg'),
(3, 'In quantum information theory, a quantum circuit is a model for quantum computation in which a computation is a sequence of quantum gates, which are reversible transformations on a quantum mechanical analog of an n-bit register. This analogous structure is referred to as an n-qubit register.', 'Quantum Circuits', 0, 0, '', 'data:image/jpeg;base64,/9j/4AAQSkZJRgABAQAAAQABAAD/2wCEAAkGBxMTEhUTExIWFhUXFx0bGBgYGBoYGBsYHhgXFxobGx4eHyggGBslHRodITEjJikrLi4uGB8zODMtNygtLisBCgoKDg0OGxAQGy8mICUvLS8tNTUvLS0tLy0tLS0tLS0tLS0tLS0vLy0tLS0tLS0tLS0tLS0tLS0tLS0tLS0tLf/AABEIALcBEwMBIgACEQEDEQH/xAAcAAACAgMBAQAAAAAAAAAAAAAEBQMGAAIHAQj/xAA+EAACAQIEBAQDBwIGAgEFAAABAhEDIQAEEjEFQVFhBhMicTKBkSNCobHB0fBS4QcUM2Jy8RWSokNTgrLC/8QAGQEAAwEBAQAAAAAAAAAAAAAAAgMEAQAF/8QALBEAAgICAgICAQMDBQEAAAAAAAECEQMhEjEEQSJRE2FxgRQyoTNCseHwI//aAAwDAQACEQMRAD8AplYSVOq7kWGxkDlzN8ZTyJpy1YalVhKzESDAJ25bDBeRo6kgQDq1ajbXsNII2EewsekYY5wBmc0kCg6UBLSpKx6VBuzEiTyHtiNsoSF9ZbgVvSAPQixcf7j/ACcFU8tWeGAFNG+JRYxMagu9hzMYJzK0qLs9dpdiYWQx6CN4Hv8AIHA2ezxrein6RaE1GCQDBaRqY9v+sDeja2C5istIlKUWtrmZ+fM+0Dvjzh+UJDOxCJzqPO4kFQN2a/y7Yc8N8OkEmsFZwbU56X+7a/TvNsA8UqvWcu3psQEAspBjSoG39sLeW9INY62xbm86CoSkuhBE/wBTdWY/oLYjTEZYBoiALH8vriSrSKGD/Oh+YxzNRIBjby8R06mJGrRgNhHlT0gmcaeH8orM3mQGJkHtgTO1/ST9Bhrwx48uoIgjS3YHnjpJqDNxtc0Pa1XyyqodSjpsRgvICm1QHy5JMLPInnhDxBirwW9N4I59MF8OzJ+Z5jtiaMaVleV3/B2DhvhaisMxLtF529gOQwRx/LMtF3opLqh0gYq/h/xiFYU6jahAvi+ZXMrUXUpkHHoYo45xqqZ5uRzjK2z5P4txfMtVL1Kj6wepEfLli/8AhrxvnEyw8xg4mAri5HvvjqfEfB+UrVjWekpc84HLt1xV/EVBMtAp5dCRMMROF5HWqChT3Yl4jxOowNTyRSpsIAnc9YwHw5PQTsTz7DCfiudKsoqE3BIvYew5YIbNIaaCm2rr298R5oNqi/xmuVv0NKdT0trMqfyxQuK0IdyohWMqMWjMVgyAA7nb88ION5r7RQomBcYPxYOLbO8zIpJIVIhwTRpk77DfGi1JOCalSBE++LJNkCohrPJgbYiZcb/wY20mLY5aMew/hXFikK5OnkwALqO07jthhxfJ+gVfM8wGT6JaegabA9uWENKnJnp+XPDPIZqpROpCf9y7g8oI53IHyOBbp2gkrWwLM51oQFBcWLuTpE9NlvgcVmJJvExt+P1w645QFcCpRUSBLqouI3I5lT19sV5qrgnSCCTG1jzA/DDY01aAlaYVxHNMQEd9QpiEEWg3Mm2F0aupnqf5GNfMZjedQsOl9h2xtSBaVLXAsNpPTb88GlQL2a5rKFD8QI3BnliFFI9R3+6OvftghhvqliBb1QAfkL+2IHRjJCmw9UmbQMEgTYIDdnE87H9MZjxEtt+OMxplFwp1VFqfw65cxKyIafe57YmWuzMNA1Mp1FzOm0+ok2Bk+0iYwuW4CxpWIvsWY6vURu1gI5BeWGeQyBrISxNOjPoFhrgeoqLSATJOw5m04mk0h8U2AZbKPUq/ZqXYH1VLQpJ+KTaJ5mJ7YsPDOFLSELLOd297ro5gTz3PQbknKqANCKKazBAnf7pY/wD1GkbxAmwGCRG5kDZuu+/yOJp5G9IdHHW2bZZNLKw3FjyA6Yg47kftpRfTWAcHYeYo9QnuJ+pwxpUS1yNKm0cyw/v+eJuO5yjSyhNVtJpsrJ2INx9JEYSnvQ1rRz7i2TiG0wHuDe+1vcY2WmGVab2MDQ36HtgbiHjFcyVXy2REkjSAbkyfYRgmi2rSwIM7HaCOuKWpJfLQnTegV6JWxxC6zh+OHNVZaaDU7GAPf9MXngXgRaBBqFWrWtutPnP+445S1ZjXopvA/A5qLrzBKA/BT+83v0GFdTImgamXMek+mDNtxjvKZOjTUsfU0XZufsOQxy3/ABHqU/MpuihRcNHXvjm3dMyNPaKzVqKVRnPLaLW/XEtKoAS0Rt6jYQdo6zhdm84VBC6d9QJEkGItPLCunXct6SSQLc464yOJsbLMi75akCpqSoVTEzeT0HPFiy3F2ylDzGcojHSJnVI3AXHP6OTq6dRkKty3IHcD3wBxzxC9d2NRyVkEAbTGmY+WNUHLSF869HWsr/iUpV30ErSAO/qeTHy/vhlkvFGXzxVCoTUAV1xJ9UmPpjivDs3lypDlhPMXjkJHvgGpxAU6ispIIaxjocHwk9ID4rZ1X/EDwf5iF0g1F+DSLadzPfHMOH5jymZaisGGw2GqRv1EY7H4b8VLXoqkhiZJJgaffFb8ZeHKNZiyVUDKhJIuWabA/jhcZpfGXQyn/cuys5XMSHqEQAJ7A7fjgLhQVqhaqYR+ZwXwXI5oipl/hpvHmEx8KnUN8ScXyAVtKHUAABF74NUnRkm3tgvF/DpokVKZ10j94Xj3wrqWNjOLRw3NVMjUKVRMgTTPcTf5YI4nwKjmV8/Jch66XMHtjef2DxvoqCnBCi1vYfriOCDDC4xLXVwJRCQOfKcazEiejQ5/yx5+7flgjyiSBzPPtcT+Z94wHwTM+ZWWhUim7QELyEJ5A9N7Hvh1Wy5Wo6VB6lJBUHb5/IX9sLnaexkVZDlwFIYHTF5HQCTHQ6RA/wCUYDz7hyykFaliRqga+ciNwDHTBVaoApm49uQNgezP+CnCStMX3Jknn/Jv9Mbj7syYPXyoRfVZ/wCgg+mP6pgcj9ceUKdMiXaCTFoHvy6Hrhhls8NQ8yZGzRJHQRzW23/WA87lNLSqem5Gm9gJPq6jFKlemJa9o3NKnoMEkcoBIAt9DgHMTYAwLQCb+46DE+R+F9jAnn35dsZWrL6QAW/AGO45dYO31wSBBBWcWJv8/wBMZg+q+Wn0h1ECwKkCwneTv3xmN5fodxLnR4S1M/aIK1RAfs59CiJlypu1/wDTUzzYicHf+OAqmqSWZhpMnYWiFFlXb0iwsBh/S4etMfZoFglgBt0YfPqemI/8t8Srt/VeIN1jqeX02x5csjZbGCQq8oggHn6Y5yLg9uX0ON6dO+przY9Awsf3nBlTLwJNtVo3Oobft88e1KMr6rE8h/UBafcYEIynmZaJjlJ6i1ukiL9sUnx7n/8AMZhcusLTQDUJuzbnFl4nmhTclja4HyI3xTaqJWqM0w5aQefbDcKp8gJv0F0cglHS1NBKqS07HthuKFJwpUAEiWTcr39u2+Ev+ZZYWqCCPhaLN798blqa7VdDRq2I9UGANzHUnAyUru9lCcJL9DrPg7I0ai/ZDSFHrb/6jE8p5L7YtWZcU1kBVUbsT/JOOJ+E+MZkVgabi94nluZ94xf6PiGlmdPmuKZ1QU3kkWKzyth0JxS4+yPJilfL0T1arVj5SPYn4rzc9eQxVvG/AqXlmmlQGsDNzpUco7nDLiGd9Zo0AVB3vpaACTM4rXF/tCrVCCFjaZ0x05Gd8DezeLEGW8HVn+OouxMLzA74ZZbJZXJ+quYgN6RdmMWntt9cS53jy5TUE+0qBYCkyFBAPKzdYGKJm809Qs7yWIY7SJ3H87YZFSn30C6iSeK/F9XMRSACU1AGlLAxzPU98V6jmoX/AHTzuIOCc9oZojSYEGImw3wNkskXcrtG+LYRiok0pO7IzmGkmd8aVKxMSZjbFhbIpp0xb8cKK/DWDQLg8/3xsZxYOxnwPjtbKOtSncAXBEgjvi68I4qmZdnEK5HwTAI3OOfZRgGFMAtO/v2wRQzARlek32m53AHbCcmNS/cdCbR0vg9UMzLWkGNx90cgeuJOJcMcDUmkjkQLwdjHI4r/AATjlHMU9Ff0VrkPuHi/y98WHLZ2qmlKh0oL3gMo+uJZRaY+Mk1sruYyLVAzM51DmTJ6YGyTVaB10iRfeTB+XPFkztTLtEB5+QLdMQ5grZtMRsN45/W++O/JS2Zwt6C8+lLMCm7UdNYfEV2a3MdcNuBcOlgWRdI2nYfpOAMtllbSysxkeoC0dRciI68sPVzw0aANIGwH6/THnZsz6R6GPBW2Jf8AETgFLM0x5KjzU57fInvihZGtUA01AdQ9LSIIIsPwg4uPEuOwSlGHJ+Jz8Knt1OKWuY9bhn1ktcm/ScV+Nz4U+vRP5P41JU9+witWJ9JsLfSLfhPzOA6gufy7YccUpUA32RLU9I33Zov7CfywsqKZxRFk0kCFTiSjmSoIN1Jup27nse/5i2N3X+csRsOlv1wzsAlq0lVdVP1KbNNmT33gd9j22wuoZf1EkEKBMQTI3tcTa9j064LouymVMHn+vuO2CmyIrCVAUmfQxhCQJJpsbK3LT7RO2CUq7MqyGnR1jUQiz90GioEWiGqTy54zAdLILF30nmCtx2OMwejLZ3qjQLAhhAB26xYE+9vpyxs+X5AD09Ngh/UHAWZ41Spt66ioFgE/eI+6QovtbviSh4pyr+lX0Ab6hErzv/LjHlqJY2TZjLhZi5I+eof259sKCpMljveY2YdPz+eGr5pCkoysBswvJG312+uF2X4bVzclfSgMsx2HX8OWO7dI3SVsq/iHL1KtQJRQv5hkECTPP9+mB89/h3nEHm0iHZRNRQbC0wDszdhjrfCuErSWAIQWn7zyOX9C4hzHF76EUBALAW679B774pinBbJ5Pk9HE8txJay+XUsRa9iMLeI5R0NvUvI9MXLxl4ZGZdq+VtVHxACFb274qNLiTU28nMIQwMFWEEe+DivcTLa7LXwVadOmKtb7GiTIGpTVqx6XggWEzA7264GqcZp1a9JKakqGAX+sfaTM3JOmOe87RiuZbKvmH0UVkdSfSs7SeWLXw/hWXyKedWqE1SbHTsYmEHM9zFveMJ/Covk3sc8zkuK6H+bq1VqQxAJlkrNYeWRuX6ify64o/iXjiekUCxa4aobam2hR91Y698BeI/ElbNmLJTBkLPpBNiSfvGflOKca7oWU87MDcH+cjinFgvbJ55K6GtbPANqIggw621BhN1/2nA1TiINgWUHodj07rhYiljAkk4sPDeEBfU926ch+5xQ4xitk8sglqKWM6tXIXvA23w34RTMsxESAMMygFgon2xutPrv+GFyyWqOWyJlxGUwUy4hYYUmOjAW5vKg3Fj1G/wDfC9MwgaCraOcGGY9zyGH7LOFmcyIeSLH+b4dCa6Zs8bXQ0zeayrIoooEcnToSXZgQIl25TawHPDbhvFlpaUzWlla4hg7ptBaNwOhOKEtMITrkECwHM8p6DHgZnMAf2xrwJ+wfyNHSc5m9J1KysGlhBEX6dB+2GXhqsK/pLHULshJgoSAzqJHKxUdvlQXo+VQQyWJuQOhv9ANP/tiXL50GGDQeR2xJkwcloox5eL2dQorq1tUcLSBIVydwJEkybb25zPun4zxbzRpX0URz2Zo6f0jCPNcU1qGrPIGyKIWY3gfy+IaWVr5kM91pKQJO/SANz74nx+Mk+UijJ5LaqJDVzDVD5dIQuxPIe5wdX8G1VoefSdaqj4gs6h3jmMNMnWRUFGnSVW7gm8fFvE4g4fxGvlqmum7HqkWa957e2KU36JWl7K9kwWZV5k4JzD+piOtvbbF1zmRoZ0NWygWlXKw1IwAxO5XkD3xQqyNTYo6lSDcEQRjk7ZzVImRAecdZFsb/AOUUz9oB2gz+Mfw4iQj98bgnc79e/wDL40w3RQpGlNbD7ziR8l2t3nYYgrl2MuSbQJ2jlbkOfzxKqDaL/wA2/L54kZ2BsTboSL/t+2OONFzzCzKGPUqrH6kScZjbzm/+6f8A2bHuOMpAVLhGYzLNVdykkmJ2G8XPfnfDvL8Bp0xPmVFa8gnUDFibTuek74NoeI2VQtTLWHNTI+hj88S/+by9U6CRTHLUCsHudov15dMTzyZm+qX6FkIYa72bcEWjSro1V3anEsFjbSYAki4PLHR8h4pyegEuAPu0gpAW+5kepsc4/wDFqxMVkMLsIblM2Jt/N8ALl2aQqG52giWmwE7nlAxkMtbOn46aOm53xF5tX0lvKFrDUZ5kCNrgT3OAmr0Q+pzoXlSnU7kT8QFlF+Z/fFEXM6EKU2BYm+xCfOfiB5W79MTDMu7DU7TPxO5ImAs6t1MACdsHycnbEuPHSLJnOOBAwSn5QYzYzsZIO0GNhhDxXLJnKoqVl9YlSJUG23OI7d5BOIt6oTUZ/qaApQ7yZhex2OFPFeOqgNOkR8QHnSRMCF0g/Af9257XwaTvQLaHfEuJUMj6UVGePgQ/Zr/zMAmDcDfkYxROJ8afM1S1aoTPMnedoiyr2xBmKy6C1SZDRpHxbTfp1B/PkizFaWlQF7Db37YqxYvsRPIM3NQnTpvMADYow0kDl88ZnMs3w1I1AQNtVhY9wYj3xHw01iJRZANibX7HE44Q5M2U/wDKR12i2GdMVyiFcAywFMPHqM37ThkTNh8zjTKUtKhen/eJqaXgc9uQm255DvhM37YuEeUjxEjG4GPFmSDFumJIwHZRGDvZowxEVxOxA3xCz22vH5GDjuiqMSN1tbf8IxA6zgljt7wfpIxq6YwpjiUhfxUlqUWhLrYc4m8X+ePOD8JFRXLGERCxAPqYgSR1A+WDTQDAyYH4memCKeaFJStCkoB3NRmqTO8rIT/44NTajSF5vGcpXFCGoaleqDSDEKIUCWIA69Sd8TZvIVafrekaSbnWNJY9Ap/bBi5yslXz3GuBBWkxoGP/AMBt2wo41xgV6gYUgij7pd3J/wCTMZOGxtvXRFODh/d2WXwnwmnmQSX0uJKUm3cCJ0mb3tEdcWGvVqBpddDhRFiJGyg87xvik5TOq0NrChYvqFNViSEUAFmiN/8ArFvyPiVWUJnHgkyK0RLGNCvJkgC8xa088InF8g4tUbZqkYOyaBJmZLE8oE4zI1lYhagJ3AGxNuvXoDGDs5wqoFY6SAYGudSsbklSSbQABpnY4X1WanUlj6jfVMnl96b7cugvgL0b7IMzQIYFVZXHwlZkGQRI3th+hGdp6c5TNOso9NdVHqtYONziThppPT1pUJqiGemZJAkTe4IjmSsc4xaOEcKZmVjTCCJM3kzvJEFYNokHE2TPWqHrEqts5vlPCtXVdxHLSCcF5zwZmntTeBHMhf3OOsrw8LztzMAgR8ueIx98kATEGw2+XfCZeVkTOUcb6OBcUo5vIuBVUOvLV6lYc4NiD9IwXUemwV6T6kYTf4lMwQ0e1tt9sdk4stGpRK5gL5bCG1FVH1Ox2vji706eVqVEp1FrU1YEEQZVoJUxzsQf0xVhz/lW1v8AwwMkOPXRMtH/AGz3xmJc3SVXZYIhiO8Tab749w6xdFbo+IGWxnDTL8ZR4nT88dGznCqdZSHNNacelCiuw5gAmGgg/I796w/AMsrXpqoO3U3B+GCB+FvkMbyhL0DTXsCoUabXAg/7T8/0xMVfQVFapoO6lmI+hNthj2rwGmDqp1dMzpBBAIgned7H+22NMpw+tqjzFiJFwdXWDMW/k4U0MTZBl0CX25ntixZXLJTXz80wRAspT3qOfu+np2O4vYbrc5TpZUzUZa1WZSmPUgEiDUNiDzj8rHCU5n/MOalaoT1YlV+QLsB+OOUeWzLoIzfH2qt5SjStoQExyux5G0gbAiAMKeJ0BT9QcBjZp+Anpp2A59j1jHuT49SyznyypsQDGsAmYZidyN7T74rvEKlRjLweYIAAM9wL4qx43f0hMp6IM4X1eskt1PT35jDPhPAy0PUsvJdiffoMB5Yawq8w6/QmD+mLx5eHzlSJMjdpR9gyoAAAIA2AxtVYkL2EH25RH9/0xuwxgpWk7fn7YQ/tnRrpbI2QxMW6iO3PnvyxgXr7fXG6ltIXUSovHKevTGtIWFzgVy9lKhG/ieou9+fbG2jufw/bGqmJ7/yfbEimSBIHfr/11x1aKYI8Cdb/APc4GcWPs354M1emYPtzxHQqSLgAE2vYk9Opt+GAZWoJ0iFack+/6DGxTBLL/PbEbEciCPeP0wFlcYqC2QGnjXy8Squ3qgdZmB9L4lCWGO5BxkmCGnhbxHhAf1LZvwPvh81OwgX5/pHTGoScbHI1tAZMcMiqSKVw9StZSQZRpNwCI7kEDFiTza1TVTo6UAAZmloERI1X72G5+eF+c4dVarUWlTd2YgwiliBE8trn8MMH4TUoJqqu4UCdHnrTbVNzoQvaANypOKpNSV+zw+DjJx9IO4b4lbLqiyauWWQQ5YsGkklOkEz0n5HFjznChWof5jLVVq019Q0n1SfiVl3Q9je3PfFBqZtKxcmk7qblqVmXexWI0z/JxPwDM06FYNRzjUwbOHWxH9LiQGH5YXLHq/ZqkWHhWaenUWtSPqUgi0g9j2xdMl420gl8oxqEk6hUhbza4sL7R+N8UTM8VoF/My7WM60AICtNypiCh3EbX7Y0biVV/hUt/wAVJ/fEssV9ocp6ou+Z8aZpp0pSpgm0y5G3Ux32wiz/AB2s7Hzc2x7IdA/+MYqz0q7H4WnvNv2wTR4axXWfsiBvUYXtfSAJIPcfM41YIoz8j9BFTN0QZKs55lj+pJJwLRanUqSo00/vEdB++2DsrkkV5rOtdVYSugspWRJ1G4O9o+eL5nf8PaHkHynKkwyP6tFxZaiydPZxa+D0tIF2+yh1XLsWLCWJN973xmN814czSOyNRqEqYlVZge4IEEYzHfyb/BPwvxYKtXT5RRmgKNRdSZIi4B57GRPbDanWpkk1DLMwIbkzXBjmRIF9twOWKLwTgTLUFSswRVIbRIZmYGwtIUTuTyBth5QzNSqQqayQdpIA2BI6C2GSgk/iLUm1sd57MUhJZwpBMHc64ssXIBgzIJ6xirZ3iNRqpKMwM2CmOUGI6/rhlxTKSnxa2UghQRP9LExuPpsY54CydKWl1AMAAIBptAuZ+pE3wCpbC30JeIAqAGOmd+X/APJwLXq09EaUjsEa8bHSykbfFGHHiSKQXvIMEjcbWNwcVbMPSOoiQbQFAC99yTt+OKcXyjYmeme5bJtXqaaVOJ5SSqjqSbx/L4tVDwoqgTWqTz0kAfSDhJ4d49/lyVZZpsZNhqB69/bF5o11qKHRgynYjBZHK69EGbJOL0KafBKamROrraevTtg2pf8At+eChTJIAEk7Ab43cCntDP13Vfb+pu+w774W3v7YEJTktvQEaIW7b8l/U9B23OIHJNziZ+pxqtOcFxrbKYb0iKMZRFhj2oCD9PnYXuJvv88e6uwHz/tgLRdCBtomByH/AGPx/PGmm08j+MfzbGZjUBYRf1RcgduRxFQzilgjsNYNxyPYnbVGB/YrjFXQQh2kmAZ/IE9hA/DEWa4elUq7avSYF4B5gdtuV7Ym0WnlPP8AM9e2PR/e/wCbfthbddFKiqpnmVLmdSwOX7d/fEjUWPT5Ej8OWJlf4ibCZA5gHBATE8pbKYRTjV2ALTMiL7Rdit7iTtHv88SUqNhaLbdO2J8mnoX2GJ/LwLmdGK7BPLxoaV/b+RgkgtZduZ/QdceigBtb+c+uO5GSdgrgwVBIUmSoJg+/X54W1ODUTvTX8sO9GBs3UWmpZzCjn/N8FGbvQmcYNbRTOLcFal9pTJKi+/qX9x3wBS4jVkeoN/zCt/8AtgrjXGGrHSsrT6cz3P7YETIOV1x0t97SRIcA7p32n3x6kE+PzPFy8ef/AM+h5RzT1CrutGSu9MrqifvIGIX2AHLDzh3G6lO0LUBM+pRqmI9LRI9tu2A8jTE0lJZ1RAdTJVFjDGFYlYEkSCAY2xu9K7BFkAk7eqNz15DEs2rqhiurH+e0Vqa1KchBMyVVi2q4e1iPn+eBhldSEJOgfE1nFuQ1EQb9PYcsTcBoE0ZDErqlahtpvcRck6lPb02N8MFpgEEtCid4F530zeRvAuV7YBa0E9iihncvRISrVKBvjGlpI6wJInlsMdF8H+KMqmQaK4qmmdIUyGj7tiAdJ22iRjhniXLVEru7aijuSrxCsCSR7HtPLDbwFwfMVaj1lpk0qdN9bbK0qQqj+oloNumHcKXJMXdviduoZqlUUOuadAfu+YgjkRDXF8Zjl1EVYvM3m/OcZhHFjTSnwmobMyKvQST+wFzhxw7wtP2msekxGtVkxMBbk779zfFky3DSY9PeBBB7nElZqNOFeoiEbSwG/UTt+OI35UnpFf8ATwXbK1nOHGkw1UiIks2kFYBAlSDffcx88Lci1J6jLUKLqMC4ABv6Tyk7bWMfK4t4jyqSql2BXTKCNoIuYi45W+pmv5qtl6mrTliNVyXqmNUQCAoFwABP74OMpNbFtRXQk4/wvQoqQ1RXJ9TAQBOzCSST1sOnakcSyaqZ0enqu49x+uOq5bNAMS6rdAnlgQjRAJOoxMSb9cJeOeH9K+bQDNSIkyCI6xMEqL3IG3TFWLI4k+SCZQsnwPzSCtRdJaJPsDaYk35xhsudpZeqKNOVAs7NIUt1IjURH3oHYRuTSywdRS1FU5AbzeAJsB6jva84xuH0Wao9UhaSgCQyu7N0DFSxjbXb/aDyf+S+xTxpxqiw0+IIVK0idvUxszDt0T2359BCwxS+K8WZagWmnkimYCgQbb6t/oZmTJJxZ/CviWk7AVFHmDl90mOQ69sF/pw5VZJ/T8siSev+Alh1xjnkLDp+p6nDLidGTr9OlhMA7H9Qf0OFpWO4/LG45LIuRQsTxviQFRyn8fnt3xgT+ScERjIwLiXYo2RBekx33wPXygJLKAH/AKv5seU4IqtAMGCL23GIhvHIsQRyjTN/nhbdFiSqqJMnSbT6zzkcyOgJ54manubATb5845mbfMY8y7ehSeg/LBKupEG/yP7YmnJ2UKMeK2R0kFydgRI3+bdTb5WwYjr1GNajgq2+x5Hp7YKoEECDOJ5S9nJ1pMAo5hVVRvb6YmonzBIkL3sTePkPzxLVybSxVtMiNv8A2nrPtyx5laQpny+Zkg8z8uWMck1a7EcpJ0+iQU8LOI8Yo0XVHa53i+kdW6DAviDxOtFvLpgO4Pqmyjt7/livvwtcyTWoPAn7VahuhNyZ+8vTn+j8WC/lk0hOXyf9sNsuGbzSKoaQZuoB37jt3xSeJ8Veq4VPUSQAAJF7QBznrzw6ahlaWXTXrkElCJDte4WdgeY2v1wp4ll6TOKlBgocnSGgjf4GkRqA3kAGcUePCMXeybyMkpaBqnh+s0EUijHdSQL6tPX0GfutBwflMvphGrLUanaUJdVU3NMPMMJMwtgSTMnEiZl2ZjpCCTI0BVLc9KEQo35c7QcMuB8LNeoFkqsgekSxJsAo/M8u+GyySqmTqK9BnBMgtRwtJGYGzOQq/NmmNXvviyHgeUUeuooMEfG2vVG7gDkYI0kfMXxNnciKCCmTBVT6VVtX+3WdYEzzI2JMYXUGNR7i2reLCZME/ks3t3xK37ZQk3pB70UKyr6QNSqjBtUBTYfFCjlG99r4XrqIhUeVYEljp03P9U2Jm8z3wXSSGI1MCeoAUXO5kwYjlF8FrkS41EqSOosJiPVym3LphazJdjXglRV8/nKiW835AhpPWecfPni0+EsgBlzmMzUqKjiZ1EeYswo6kmLKOR5A4CzPAtZWabaZkhNOlh9JBI598bcX4rUR0ZFh1tTSPSixC+Wp+9a7HDfyxlpCXjlHssFCuqrCUMsi3harOagEn4otJ3jlMY8xVRwCq3qqVIc3I3uce4yl9mcv0IeLcS80+YlWp5R2QMQF2kRO2+BBUpAfdB7X+uE2Sz7FTpWEkQouByueuMr5fWVINmMHlBNr9BjfxcdHPJy2OWzlNb4HqcbUdMF0PCCMNCuTmN1RzAqLp1fZnae3Pr1RNxIUn0ikqspg6l9WoWvzEHljVBPoxyrsY5TOvVeytpF2OwAG5nl9cWbhOYXVIi+zNNRz1A7mfla+KceJ1HBD1CQxMidzcyeok/O+J8vnCDpDGB0gA33P9Xztg+GgeWyzeIfCqMDVy9m3anvPM6IFudvy2xR2pEbiJMgxBBuJ7EHfmYxd6Gdn4X9M+oCxMzJ3JEDt2nBdbw+M6oalT0NP+pGlDN9JH+0Wn35AYXz4h8bOQcaUuVARiyekmDpiZUDckmSSxuSThS6FTcFSOtj746Bxjg7UXNOqosZUkSDuJGFNDIl28tnFoMvTplTygXn9sVY864iZ4nZHwnxK+nQ6NUI2KiWjuP1wz/8AOIPjR0/5aR+GqfwxFmAi02y9BlVyfVsJF9mOx2N9h02wpHA4eSGZFu7xpQRJtMlwQLG1jODWRP8AQ5x4v7ZbKRVgGUyCOkX/AHxvpwt8L1tdCTvrafmdX64b6cdJUj0/HjcUwWrRJ+an67j9seLlzqn/AHT7grH4H88GhMSBMSTlRWsS7A8lliIJ/oUfMFv3Bwwppj1ExMq4inO2MpRVEWZU6YEk9BEn64iFOGVtGkLYmJ3FyOnTDGlTj364GzmcAVoYKi/HUOw7DqcBGT6RLlSvkwtRa2Ku/iWnSdlKFnmCzHTMEi1jA7Y24b4yomp5bArT2VyZnu3SeuKpnKXmGodJLJVYldmNNmLfv9cVYPG21kX0RZs9pODGnFM7SzTKalHQsgNWRw5CzckAXA/DB/FamWoUk8r7SnJ0qCdBawBZo25wb9IEgqc9naJKuqtq0wD6VImCpcj/AFditwPmRgrKLCn0aRUYKQSY1X+EDab8uXyNLhSXdL0IU3b+wDM5hc4BICZhQZbUfLZQLQI9BF+fMYn4dkUpoxqIH1rENPUQwg8uh/tgvLcIAb0CWkQPh0nYFtp3tyE4tPB+FBGAYeY5IJ9Mqm4kNsT32vzjGyyUqj0Yo7t9inhPC1qDVVMAGAoMdbN06x9d8MS70yApAAJ0GADtpkEiwF7i04sw4VUkBYdCNQuNSJPNjAIt8IJM9gBiFVpU3GpmBHxExrV4sNRtTUzIIk267p5B0V/N5+HK1GLMQCWtBt1G4785wJRzbLZGQjlqUTuDE78uuJOK8IWs5ak92vDAjoBB527DCDM8IrpJAJHVfUMdwT7O5OPRbKfHnUAVaIdeZXf8QeXfkMNshx/KFCNRoESQGFzJt6tjy+U45mubrJZyQeQIIn2w84dlqlZZ2Xmx2GAn48UMj5Ei5f8Alm1+Tlj5lRlhmB9AG02ttz7nGvHytE+Y9dGrMLnSAFaI9IG2B+FkU6T+VTmml3cwGMb3O+EfEc6rnV9JAM9MbixUZky3snatRc6mzryd/s2OMwfk/BmpFZsxSpsRJRtxPI3xmHc4/YrjL6KBVXQPLQRzY8/n0xvwPPOGK7g7zfDrPLUZfLCBaaialQbv3wTwDwopHnZhzSoi8mxI5fXDOS4uxfFt6GSyaY1EtSFwy/FTbkVncdsS5zJ0s8oWsypmCCKWaAhKsW0VhFjt6je98K874rpF/LpCKCbdX7nDrLZIiiaoXVTcjVRJuR1H9J/bCqcdjNS0UTO5SvRqGnWRlemB8VvTygncWtG/LBWVpVG9MQdoi8Te28Xm9sXdc7TqgZM/bNoig5WK1Jif9O9iBG4+uLr4U8G08soer663U3jf6mTvjXktaBpR3IReEPAzaQ1awMSD8TC1jyUe174veY4euhUUQFggCQBHt164NBwp8ReIaeVX1eqofhQb+56DGcIKLcuwPyTlJcRT4qyOUFBhmfSDzRfUW5aZufyxxnM5VkYEi26yOU2OLdxXOPWc1a5k8hyUdB2xF4eelmHqU6qzTgAETIaZmeVsIhp6KWtbdlQy2XpmoGYNqPxEC7cwDvvHS8Cx2InHMxUrK6g+Wi/DTX1tUYsJDEE6d5JPzuRi2+JfDLUJam2ugZht9pEMBaf0xXj8LU76Y9CqdCC+5AF56na8YfGW7FtFZy2cq5SoyyCQfWsyvtPW+4xduE8Sp11lDBG6ncfuO+KlxDJ02cVXbQhIDQsS0GfKQfcEASeZwBwpKvnAUZ1zbsO/KOs4sbUo2H4/kSwyp7R05UxIqYgyNVifLePMEA6di0bRuD2w3FHTbd+m4H7nHlZppHvxcZK4g60o3+mN9MYkamZv88CcXfRSZuhG+0kgCe18Rp8ml9isj4xcjyqxZSQDoA5fE/YdsUep4oqtV0+UDSPp8gjl+erBDeNKuximRb4NQH4jEvC+KAVDXrLTqq3pNREhk7svTvj0MeGWNNyjf0eTlzLI1xf7hWU8O0UqhlVmYwRTaCKfM6jsf74W+KuNUalRdCw6WNVD9ANta+/yxtx3xM61Iy/oWdWogesDb3XtviKtlKdfTWNPy3b4kHwzG5HKd+X64ZjjJNTyfx/3/wC/cTJppxgD5fS5BenLAfd/02BM6u0EXHU4sHAeCV8zUIpjUxA1vsigTH/H25nEvh7w69YyAfLBGtuZF7INuUAYuIz1Ea8nRlEgQBA1tAlnbdukDpjMmVL9jYY7dCvMcJo0iFSt5lhqYqJ1AfDHv35XxYOBBCJNlQiB/U0E3Xn7m9sIVptTOiiQysD6W2BPTv0BxPlOJNTZXQEQIuOY3nqMTrJb2USxUtFofiLBiqKqrpLROkC15BBv+0b4rvE6pqEKIFMk8idUzfvAmOmGlHi4rro0qLbQJPWLX5/XAlXh9Ssyqp5/EIgiw9Nzp73mSO2KFRO0yvVCQdKy/wB3oC0EGRsRfb64OXKihTDV7uR6VBkyL7zCpPQc7bYYVaFPJKR6XrExa4U235lpvHLngGjSicxmZJNwN5PU45u+jEgDM8LqZyoj1VC0wSABYQL6VvYYO4lVchKVMKiKLARytc9cLc9nPOa8heV4A9sQ5niCounp/L4JRZjYJxcsPRrWN/Sd8KKma0r1J2EbY84hmAxtgc14I/bDkqFt2FNn3a5Jn54zA4qdBjMbSMtlp4pxfzaqEU/Lp048umQPXfdv2w18T5c5ooGchAJciyCwsOROKJkeLl20sASzCTzAEWH0xdMxm3zrLlqIFKki+o/v+2Fzg01QUJ1F2yk1DTWsPLWUX4Z5xzODKPiesHDyQByG0Ytea4fQpIqVI0AWY/eIxz7iUGsVp3XlHTBRqfaBeui88OzaZh1aNFYXVhYk9cdQ8P8AiRXK0axIq6d2AAYjeOpxxbLZpvsS0DSAAw6d8XDMVVzumjQu4E6/z+WESg0+SHWpKpFy8SeMlpTSoQ9TYt91f3OOfZ3PQS9RtTm5J3JwJxCm+VJRxcc/1wMvAK9eg2bI1003pKZeOTMOS+2BacncjVUFUQWvnGrXJ00xzPPsvXDfgnEQihRTPxAKFsTO+si5j98Vw5l6kPAIX7g2W9rc9sF5UsCGX7MqLnl3vz3jDFBUDy2dNymZGljWRNGzA/DExGkfEbC3KMVnxd4SCr5+WBaieRkuBG5H9HTEnC841jMkmAZ37/Le+HWS4uqNpfbV8W/Y25x0GAbrsKr6OSZ3IhmV4DFQBDCV9ow1ypp5aiGpDTJIqOR60iIMAG568uV74uPiXglOsGzGXhTMlAIFuY6GeWKPURla8zN+/v1xrfJU+jovi7XZpwrzKtXXSqhSqHXE6QJ9Kybydy29z7YZ5TxTSp1fJZweXmDYHpP6/XFd4rxGoFXLUU8tWNyLamY3vit16BViu+kkSNjFjBwz+njlXy/g2Hkywv4/ydoQbEG3XCTx9m0TKshYCo8aV5wGBJ7C2KfwPxdWyyFIDiPRq+6e3UdsJM9nHqualRizHcn+WGJ8PgTWW5PS/wAlPkefGeOorbDc/l/MHnU7gga1G6tFzHTB/A2TWNNF5AXWQ9tm1kyNiSLcowp4MtQ1VWnOomN4kcwcXalkpsF0EvEJu0HdhG3bFmaXFcSDGr2LKkOQFgpTED0jSGkk6PYne+LJwHw4zgOVLKIOkfE0/e6kT8zh/wAF8LIlNxVpCo7iFiwp87dWIw1/yRVQq03TQokg6iykjmdh0H54mkxqRBmuIGhlKlyjICFtB29BA5ASPxxR8nmxWgOYbkwtf9MdTSkKtI09AFMgiDBcnaSTv7WxROO+A6lJTVyx16R60kTPVRzB6bjHUmjrdgVLiJ/06vaGAsYsMOMrTiqn2wRRHqF4jmO4xVclmw401Bfvvgs5t6MEQyxAnkP374RPF9FOPMupDrN0/LcmmxZdXpcjT3JjcdcMstx9mpinTRVJMM2z3G4FpJM33vhNwim9Vg9OmNU31DUsdL7EYtuXyFOkvoSakyxPXGwT6ByNdoW1crBR6gAAkRzuZljzPfC/jmZLtoEaI3w6zGfUDVVYFjYL0GKxn6ZKs0hVvHfD4rixDdgdXM06cyCxGx5YrlfMl2Yx6ScPHyFZlUtT+zsABzxZ+H/4cGpSDtVVJuFiT7HDeSQDTZzcJJ5gY38rmSLYfcV4KcvVKM0wLRzwkr0uS3PMdMEpJ9AuLRujGLARjMRJkGjp88ZjtHbE2V+INGx5YseU4sdQI9KA3A3b37YzGYc+xLN+PcWq590pgBVTb2649p8AHmpTQ/8AJu2MxmAn8Y6GR2xvx7IekBIFOlueZMY08OcfbKGppQEsIk8vbGYzAwiuCRjk3Jlm4Lllz4IrLYmzTfDCplqmVzCqrhWAhGAtVnZKo/XGYzE+VVsfD6AOKeEqebFStlUFLMIftqBPoLdVOw6/timZDL1G1yQFT4ybxeIjnjMZg0/imDJfJljzTpSWkqGTUQEnnHMMflsLe+GH+UBUawJGw3E7zjMZiLypNUW+LFbNsrl6igurKUAJIYTJB/kY0zXDKWaQkAJUVTt947ieQtjMZjMEm1szPFJqijcT4eaZ0sLjl0wmzWpUFPakRDR8UTqMe5/LHmMxdid0RzVA7ZOkyEqGD6RCyI1A3JPQg7DpiCqiCnoQaidLMxEMGEyqmfhxmMxQmxTH3hLwq9WsiAjUdui8yT1x1HIZGll6LKAWqtU0NUPQG4HQGMeYzEeSbbtlEIpdDPLKPM1eqEj0g2m4kzytg0MWLIoAgyzHp/J2xmMwFm1R5UWoT9kgKiwZmj3t0H1wVkMlWU29KkjUZBJ2mN8eYzBrYM3SKH/iTwWlBzNIaWDEMJPqbr2OE/h7hz5lQrH04zGYztBPTLzWrqlOnTUBdNgFESY64bZJTp9YEkYzGY5dHdle4lw1STeCOt++KzmMgwb7QzzAnGYzAxkzmEZOtU2dvsxMD2xDX4hWKkq7KnScZjMMX9xjehFn69TeSSeZMnG/C+HwjVam+MxmGS1ECO2LXruxJ2nGYzGYZoE//9k=');

-- --------------------------------------------------------

--
-- Table structure for table `masterpiece_menu_id`
--

CREATE TABLE `masterpiece_menu_id` (
  `id` int(11) NOT NULL,
  `article_masterpiece_id` int(11) NOT NULL,
  `nume` text NOT NULL,
  `article_id_to_show_data` int(11) NOT NULL
) ENGINE=InnoDB DEFAULT CHARSET=latin1;

--
-- Dumping data for table `masterpiece_menu_id`
--

INSERT INTO `masterpiece_menu_id` (`id`, `article_masterpiece_id`, `nume`, `article_id_to_show_data`) VALUES
(1, 1, 'A html introduction', 1),
(2, 1, 'html basics', 2),
(3, 2, 'Python introduction', 3),
(4, 1, 'Tags', 4),
(5, 2, 'Python Variables', 5),
(6, 2, 'Python if structure', 6),
(7, 2, 'Python while structure', 7),
(8, 2, 'Python for structure', 8),
(9, 3, 'Quantum intruduction', 9),
(10, 3, 'Quantum algorithms', 10),
(11, 3, 'Entangled Subsystems and Robust Quantumcomputation', 11);

-- --------------------------------------------------------

--
-- Table structure for table `masterpiece_photos`
--

CREATE TABLE `masterpiece_photos` (
  `id_article_masterpiece` int(11) NOT NULL,
  `photo` text NOT NULL
) ENGINE=InnoDB DEFAULT CHARSET=latin1;

--
-- Dumping data for table `masterpiece_photos`
--

INSERT INTO `masterpiece_photos` (`id_article_masterpiece`, `photo`) VALUES
(1, '../static/stuff_to_update/masterpiece/masterpiece_profile/html_5.png');

-- --------------------------------------------------------

--
-- Table structure for table `problems`
--

CREATE TABLE `problems` (
  `id` int(11) NOT NULL,
  `user_id` int(11) NOT NULL,
  `problem_words` text NOT NULL,
  `output` text NOT NULL,
  `code_solve` text NOT NULL,
  `language` text NOT NULL,
  `code_to_complete` text NOT NULL
) ENGINE=InnoDB DEFAULT CHARSET=latin1;

--
-- Dumping data for table `problems`
--

INSERT INTO `problems` (`id`, `user_id`, `problem_words`, `output`, `code_solve`, `language`, `code_to_complete`) VALUES
(1, 1, '<p>You might know some pretty large perfect squares.  But what about the NEXT one?</p>\r\n<p>Complete the findNextSquare method that finds the next integral perfect square after the one passed as a parameter.  Recall that an integral perfect square is an integer n such that sqrt(n) is also an integer.  </p>\r\n<p>If the parameter is itself not a perfect square, than -1 should be returned.  You may assume the parameter is positive.</p>\r\n<p><strong>Examples:</strong></p>\r\n<pre><code>findNextSquare(121) --&gt; returns 144\r\nfindNextSquare(625) --&gt; returns 676\r\nfindNextSquare(114) --&gt; returns -1 since 114 is not a perfect</code></pre>', '144', 'def findNextSquare()\r\n   var = 144\r\n   return var\r\nend\r\nputs findNextSquare()', 'Python', 'def findNextSquare(sqrte):   	return sqrte print(findNextSquare(144))'),
(2, 1, 'You might know some pretty large perfect squares. But what about the NEXT one?\r\n\r\nComplete the findNextSquare method that finds the next integral perfect square after the one passed as a parameter. Recall that an integral perfect square is an integer n such that sqrt(n) is also an integer.\r\n\r\nIf the parameter is itself not a perfect square, than -1 should be returned. You may assume the parameter is positive.', 'This is the first problem?', 'This is the first problem?', 'Python', ''),
(3, 1, 'This is the first problem?', 'This is the first problem?', 'This is the first problem?', 'Python', ''),
(4, 1, 'wqeqw', 'wqeqw', 'wqeqw', 'Python', ''),
(5, 1, 'sadas', 'dssd', 'sdadad', 'Python', ''),
(6, 1, 'sadas', 'dssd', 'sdadad', 'Python', ''),
(7, 1, 'sadas', 'dssd', 'sdadad', 'Python', ''),
(8, 1, 'sadas', 'dssd', 'sdadad', 'Python', ''),
(9, 1, 'sdfdsf', 'sdf', 'sdfd', 'Python', ''),
(10, 1, 'sdfdsf', 'sdf', 'sdfd', 'Python', ''),
(11, 1, 'sdfdsf', 'sdf', 'sdfd', 'Python', ''),
(12, 1, 'sdfdsf', 'sdf', 'sdfd', 'Python', ''),
(13, 1, 'sdfdsf', 'sdf', 'sdfd', 'Python', ''),
(14, 1, 'sdfdsf', 'sdf', 'sdfd', 'Python', ''),
(15, 2, 'You live in the city of Cartesia where all roads are laid out in a perfect grid. You arrived ten minutes too early to an appointment, so you decided to take the opportunity to go for a short walk. The city provides its citizens with a Walk Generating App on their phones -- everytime you press the button it sends you an array of one-letter strings representing directions to walk. You always walk only a single block in a direction and you know it takes you one minute to traverse one city block, so create a function that will return true if the walk the app gives you will take you exactly ten minutes and will, of course, return you to your starting point. Return false otherwise.', 'True', 'no code', 'Python', ''),
(16, 1, 'print (\"helow\")', 'print (\"helow\")', '', 'Python', '');

-- --------------------------------------------------------

--
-- Table structure for table `problems_made_by_users`
--

CREATE TABLE `problems_made_by_users` (
  `id` int(11) NOT NULL,
  `id_problem` int(11) NOT NULL,
  `id_user` int(11) NOT NULL,
  `made1_or_not0` int(11) NOT NULL
) ENGINE=InnoDB DEFAULT CHARSET=latin1;

-- --------------------------------------------------------

--
-- Table structure for table `recomand_engine_text_masterpiece`
--

CREATE TABLE `recomand_engine_text_masterpiece` (
  `id` int(11) NOT NULL,
  `id_user` int(11) NOT NULL,
  `p` int(11) NOT NULL,
  `hr` int(11) NOT NULL,
  `ul` int(11) NOT NULL,
  `ol` int(11) NOT NULL,
  `table1` int(11) NOT NULL,
  `tip_font` int(11) NOT NULL,
  `background_text` text NOT NULL,
  `img` int(11) NOT NULL,
  `aligment` int(11) NOT NULL,
  `font_size` int(11) NOT NULL,
  `code_view` int(11) NOT NULL,
  `text_color` text NOT NULL,
  `video` int(11) NOT NULL,
  `link` int(11) NOT NULL
) ENGINE=InnoDB DEFAULT CHARSET=latin1;

--
-- Dumping data for table `recomand_engine_text_masterpiece`
--

INSERT INTO `recomand_engine_text_masterpiece` (`id`, `id_user`, `p`, `hr`, `ul`, `ol`, `table1`, `tip_font`, `background_text`, `img`, `aligment`, `font_size`, `code_view`, `text_color`, `video`, `link`) VALUES
(1, 1, 0, 1, 0, 1, 0, 0, '#000000', 1, 1, 0, 0, '#000000', 1, 0),
(2, 2, 0, 1, 0, 1, 0, 0, '#000000', 1, 0, 0, 0, '#008000', 1, 0),
(3, 3, 0, 1, 0, 1, 0, 0, '#ffff00', 1, 1, 0, 0, '#008080', 1, 0);

-- --------------------------------------------------------

--
-- Table structure for table `tags`
--

CREATE TABLE `tags` (
  `id` int(11) NOT NULL,
  `tags` text NOT NULL,
  `type` int(11) NOT NULL
) ENGINE=InnoDB DEFAULT CHARSET=latin1;

--
-- Dumping data for table `tags`
--

INSERT INTO `tags` (`id`, `tags`, `type`) VALUES
(1, 'Designer', 0),
(2, 'Programmer', 0),
(3, 'Art', 0),
(4, 'Visual', 0),
(5, 'Css', 1),
(6, 'Coding', 0),
(7, 'Bootstrap', 1),
(8, 'C#', 1),
(10, 'Python', 1);

-- --------------------------------------------------------

--
-- Table structure for table `tutorials`
--

CREATE TABLE `tutorials` (
  `id` int(11) NOT NULL,
  `titlu` text NOT NULL,
  `descriere` text NOT NULL,
  `content` text NOT NULL,
  `articol` int(11) NOT NULL,
  `page` int(11) NOT NULL,
  `language` text NOT NULL
) ENGINE=InnoDB DEFAULT CHARSET=latin1;

--
-- Dumping data for table `tutorials`
--

INSERT INTO `tutorials` (`id`, `titlu`, `descriere`, `content`, `articol`, `page`, `language`) VALUES
(1, 'A html introduction', 'o descriere', ' <center><h1>HTML5</h1></center>HTML 5 (formerly and commonly spelled HTML5[a]) is a software solution stack that defines the properties and behaviors of web page content by implementing a markup based pattern to it.\r\n\r\nHTML 5 is the fifth and current major version of the HTML standard, and subsumes XHTML. It currently exists in two standardized forms: HTML 5.2 Recommendation[4] by the World Wide Web Consortium (W3C, a broad coalition of organizations), intended primarily for Web content developers; and HTML Living Standard[5] by WHATWG (a small consortium of four browser vendors), intended primarily for browser developers, though it also exists in an abridged Web developer version.[6] There are minor conflicts between the two groups\' specifications. <iframe class=\"notranslate show_this\" src=\"http://localhost:5000/visualize_code?id=3\" style=\"border:0px; overflow:hidden;\" width=\"100%\" height=\"200px\" ></iframe><p>So that you can see your web page, you should use a browser. Browsers are those internet programs who interpret HTML cods, similar with those you have copied and saved in notepad. These transforms the HTML code in a web page that can be read by any internet user. The most used browsers are:</p><ul><li>Chrome</li><li>Firefox</li><li>Safari</li><li>Opera</li><li>Internet Explorer</li></ul><h2>How to see your first web page</h2><p>If you want to see your web page, you have to open \"index.html\" file in your browser. To do that you can simply double click the file if the .html extension is already associated. Otherwise you will have to right-click index.html and select \"open with...\" and then select your favorite browser from the list.</p><p>Congratulation ! You have just opened your first web page.', 1, 1, 'HTML5'),
(2, 'A python introduction', 'this is new', 'content for new html', 2, 2, 'PYTHON'),
(3, 'Basic', 'Here you will find out everything you want to know about the basic tags', ' <h2>Getting Started</h2>\r\n                <p>Here, you will learn how easy it is to create an HTML document (i.e. a web page). To begin coding HTML you need only two stuff: a simple-text editor and a web browser. </p>\r\n                <p class=\"space\">Well, let\'s get straight into it.</p>\r\n                <h2>Creating Your First HTML Document</h2>\r\n                <p class=\"break\">Let\'s walk through the following steps. At the end of the tutorial, you will have made an HTML file that displays \"Hello world\" message in your web browser.</p>\r\n                <h3>Step 1: Creating the HTML file</h3>\r\n                <p>Open up your computer\'s plain text editor and create a new file.</p>\r\n                <!--Tip box-->\r\n                <div class=\"color-box space\">\r\n                    <div class=\"shadow\">\r\n                        <div class=\"info-tab tip-icon\" title=\"Useful Tips\"><i></i></div>\r\n                        <div class=\"tip-box\">\r\n                            <p><strong>Tip:</strong> We suggest you to use only the simplest text editors such as Notepad (under Windows), TextEdit (on the Mac). Once you understand the basic principles, you may switch to more advanced tools such as Dreamweaver.</p>\r\n                        </div>\r\n                    </div>\r\n                </div>\r\n                <!--End:Tip box-->\r\n                <h3>Step 2: Type some HTML code</h3>\r\n                <p>Start with an empty window and type the following code:<iframe class=\"notranslate show_this\" src=\"http://localhost:5000/visualize_code?id=5\" style=\"border:0px; overflow:hidden;\" width=\"100%\" height=\"200px\" ></iframe></p>\r\n                <!--Code box-->', 1, 3, 'HTML5'),
(4, 'Paragraphs', '<p> tag is the basic', 'here you will find out about <p> tag that comes from paragraphs', 1, 3, 'HTML5'),
(5, 'Images', 'image', '<center><h1>Images</h1></center>  <p>The web is not just about text, its multi-media and HTML\'s multimedia features allow you to include images, audio clips, video clips, and other multimedia element in the web pages.</p>                 <p>The <code>&lt;img&gt;</code> tag is used to insert images in HTML documents. It is an empty element and contains attributes only. The syntax of <div class=\"shadow break\">                    <div class=\"syntax\">                        <span class=\"tag\">&lt;img <span class=\"attribute\">src</span>=\"<i><span class=\"attribute-value\">url</span></i>\" <span class=\"attribute\">al</span>t=\"<i><span class=\"attribute-value\">some_text</span></i>\"&gt;</span>                    </div>                </div><h2>The Src Attribute of Images</h2><p>Every image has a <code>src</code> attribute (<em>src</em> stands for <em>source</em>). The src attribute tells the browser where to find the image you want to display. The URL of the image provided as the value of src attribute points to the location where the image is stored.</p>', 1, 4, 'html5'),
(6, 'Tables', '', '', 1, 4, 'HTML5'),
(7, 'Lists', '', '', 1, 5, 'HTML5'),
(8, 'Iframes', '', '', 1, 6, 'HTML5'),
(9, 'Quotation and Citations', '', '', 1, 7, 'HTML5'),
(10, 'Links', '', '', 1, 8, 'HTML5'),
(11, 'Formatting', '', '', 1, 9, 'HTML5'),
(12, 'Symbols', '', '', 1, 10, 'HTML5'),
(13, 'style', '', '', 1, 11, 'HTML5'),
(14, 'class', '', '', 1, 12, ''),
(15, 'id', '', '', 1, 13, ''),
(16, 'Comments', '', '', 1, 14, '');

-- --------------------------------------------------------

--
-- Table structure for table `type_of_tutorials`
--

CREATE TABLE `type_of_tutorials` (
  `id` int(11) NOT NULL,
  `language` text NOT NULL,
  `description` text NOT NULL,
  `image` text NOT NULL,
  `id_page` int(11) NOT NULL,
  `id_articol` int(11) NOT NULL,
  `category` text NOT NULL,
  `price` float NOT NULL
) ENGINE=InnoDB DEFAULT CHARSET=latin1;

--
-- Dumping data for table `type_of_tutorials`
--

INSERT INTO `type_of_tutorials` (`id`, `language`, `description`, `image`, `id_page`, `id_articol`, `category`, `price`) VALUES
(2, 'HTML5', 'Simple and easy to learn language that is the basic knoledge for a web developer.', '../static/stuff_to_update/programming_languages_pic/html5.jpg', 1, 1, 'Web', 0),
(3, 'Python', 'Is a brand new programming language', '../static/stuff_to_update/programming_languages_pic/python.jpg', 2, 2, 'Web', 0);

-- --------------------------------------------------------

--
-- Table structure for table `user_data`
--

CREATE TABLE `user_data` (
  `id` int(11) NOT NULL,
  `uname` text NOT NULL,
  `pass` text NOT NULL,
  `shares` int(11) NOT NULL,
  `likes` int(11) NOT NULL,
  `post` int(11) NOT NULL,
  `followers` int(11) NOT NULL,
  `img_pic` text NOT NULL,
  `website` text NOT NULL,
  `admin` int(11) NOT NULL,
  `review` int(11) NOT NULL
) ENGINE=InnoDB DEFAULT CHARSET=latin1;

--
-- Dumping data for table `user_data`
--

INSERT INTO `user_data` (`id`, `uname`, `pass`, `shares`, `likes`, `post`, `followers`, `img_pic`, `website`, `admin`, `review`) VALUES
(1, 'Bogdan', '5e884898da28047151d0e56f8dc6292773603d0d6aabbdd62a11ef721d1542d8', 1, 4, 3, 10, 'static/stuff_to_update/user_image/code4you.jpg', 'http://google.com', 0, 0),
(2, 'Marin', '5e884898da28047151d0e56f8dc6292773603d0d6aabbdd62a11ef721d1542d8', 0, 0, 0, 0, 'static/stuff_to_update/user_image/poza4.jpg', '', 1, 0),
(3, 'Alin ', '5e884898da28047151d0e56f8dc6292773603d0d6aabbdd62a11ef721d1542d8', 0, 0, 0, 0, 'static/stuff_to_update/user_image/poza5.jpg', '', 0, 0),
(4, '0', '5e884898da28047151d0e56f8dc6292773603d0d6aabbdd62a11ef721d1542d8', 0, 0, 0, 0, '1', '', 0, 0);

-- --------------------------------------------------------

--
-- Table structure for table `user_post_tutorials`
--

CREATE TABLE `user_post_tutorials` (
  `id` int(11) NOT NULL,
  `titlu` text NOT NULL,
  `denumire` text NOT NULL,
  `content` text NOT NULL,
  `id_user` int(11) NOT NULL
) ENGINE=InnoDB DEFAULT CHARSET=latin1;

--
-- Dumping data for table `user_post_tutorials`
--

INSERT INTO `user_post_tutorials` (`id`, `titlu`, `denumire`, `content`, `id_user`) VALUES
(1, 'A tutorial by Bogdan', 'A tutorial by Bogdan', 'A tutorial by Bogdan', 1);

-- --------------------------------------------------------

--
-- Table structure for table `verify_masterpiece`
--

CREATE TABLE `verify_masterpiece` (
  `id` int(11) NOT NULL,
  `user_id` int(11) NOT NULL,
  `name` text NOT NULL
) ENGINE=InnoDB DEFAULT CHARSET=latin1;

--
-- Indexes for dumped tables
--

--
-- Indexes for table `article_masterpiece_page`
--
ALTER TABLE `article_masterpiece_page`
  ADD PRIMARY KEY (`id`);

--
-- Indexes for table `code_editor`
--
ALTER TABLE `code_editor`
  ADD PRIMARY KEY (`id`);

--
-- Indexes for table `code_view`
--
ALTER TABLE `code_view`
  ADD PRIMARY KEY (`id`);

--
-- Indexes for table `comunity`
--
ALTER TABLE `comunity`
  ADD PRIMARY KEY (`id`);

--
-- Indexes for table `comunity_tutorial`
--
ALTER TABLE `comunity_tutorial`
  ADD PRIMARY KEY (`id`);

--
-- Indexes for table `degree_test`
--
ALTER TABLE `degree_test`
  ADD PRIMARY KEY (`id`);

--
-- Indexes for table `dictionary_programming_terms`
--
ALTER TABLE `dictionary_programming_terms`
  ADD PRIMARY KEY (`id`);

--
-- Indexes for table `evaluate`
--
ALTER TABLE `evaluate`
  ADD PRIMARY KEY (`id`);

--
-- Indexes for table `games_code_play`
--
ALTER TABLE `games_code_play`
  ADD PRIMARY KEY (`id_game`);

--
-- Indexes for table `key_generated_for_api`
--
ALTER TABLE `key_generated_for_api`
  ADD PRIMARY KEY (`id`);

--
-- Indexes for table `masterpiece`
--
ALTER TABLE `masterpiece`
  ADD PRIMARY KEY (`id`);

--
-- Indexes for table `masterpiece_menu_id`
--
ALTER TABLE `masterpiece_menu_id`
  ADD PRIMARY KEY (`id`);

--
-- Indexes for table `masterpiece_photos`
--
ALTER TABLE `masterpiece_photos`
  ADD PRIMARY KEY (`id_article_masterpiece`);

--
-- Indexes for table `problems`
--
ALTER TABLE `problems`
  ADD PRIMARY KEY (`id`);

--
-- Indexes for table `problems_made_by_users`
--
ALTER TABLE `problems_made_by_users`
  ADD PRIMARY KEY (`id`);

--
-- Indexes for table `recomand_engine_text_masterpiece`
--
ALTER TABLE `recomand_engine_text_masterpiece`
  ADD PRIMARY KEY (`id`);

--
-- Indexes for table `tags`
--
ALTER TABLE `tags`
  ADD PRIMARY KEY (`id`);

--
-- Indexes for table `tutorials`
--
ALTER TABLE `tutorials`
  ADD PRIMARY KEY (`id`);

--
-- Indexes for table `type_of_tutorials`
--
ALTER TABLE `type_of_tutorials`
  ADD PRIMARY KEY (`id`);

--
-- Indexes for table `user_data`
--
ALTER TABLE `user_data`
  ADD PRIMARY KEY (`id`);

--
-- Indexes for table `user_post_tutorials`
--
ALTER TABLE `user_post_tutorials`
  ADD PRIMARY KEY (`id`);

--
-- Indexes for table `verify_masterpiece`
--
ALTER TABLE `verify_masterpiece`
  ADD PRIMARY KEY (`id`);

--
-- AUTO_INCREMENT for dumped tables
--

--
-- AUTO_INCREMENT for table `article_masterpiece_page`
--
ALTER TABLE `article_masterpiece_page`
  MODIFY `id` int(11) NOT NULL AUTO_INCREMENT, AUTO_INCREMENT=12;

--
-- AUTO_INCREMENT for table `code_editor`
--
ALTER TABLE `code_editor`
  MODIFY `id` int(11) NOT NULL AUTO_INCREMENT, AUTO_INCREMENT=2;

--
-- AUTO_INCREMENT for table `code_view`
--
ALTER TABLE `code_view`
  MODIFY `id` int(11) NOT NULL AUTO_INCREMENT, AUTO_INCREMENT=13;

--
-- AUTO_INCREMENT for table `comunity`
--
ALTER TABLE `comunity`
  MODIFY `id` int(11) NOT NULL AUTO_INCREMENT, AUTO_INCREMENT=12;

--
-- AUTO_INCREMENT for table `comunity_tutorial`
--
ALTER TABLE `comunity_tutorial`
  MODIFY `id` int(11) NOT NULL AUTO_INCREMENT, AUTO_INCREMENT=3;

--
-- AUTO_INCREMENT for table `degree_test`
--
ALTER TABLE `degree_test`
  MODIFY `id` int(11) NOT NULL AUTO_INCREMENT, AUTO_INCREMENT=6;

--
-- AUTO_INCREMENT for table `dictionary_programming_terms`
--
ALTER TABLE `dictionary_programming_terms`
  MODIFY `id` int(11) NOT NULL AUTO_INCREMENT, AUTO_INCREMENT=5;

--
-- AUTO_INCREMENT for table `evaluate`
--
ALTER TABLE `evaluate`
  MODIFY `id` int(11) NOT NULL AUTO_INCREMENT;

--
-- AUTO_INCREMENT for table `key_generated_for_api`
--
ALTER TABLE `key_generated_for_api`
  MODIFY `id` int(11) NOT NULL AUTO_INCREMENT, AUTO_INCREMENT=2;

--
-- AUTO_INCREMENT for table `masterpiece`
--
ALTER TABLE `masterpiece`
  MODIFY `id` int(11) NOT NULL AUTO_INCREMENT, AUTO_INCREMENT=4;

--
-- AUTO_INCREMENT for table `masterpiece_menu_id`
--
ALTER TABLE `masterpiece_menu_id`
  MODIFY `id` int(11) NOT NULL AUTO_INCREMENT, AUTO_INCREMENT=12;

--
-- AUTO_INCREMENT for table `masterpiece_photos`
--
ALTER TABLE `masterpiece_photos`
  MODIFY `id_article_masterpiece` int(11) NOT NULL AUTO_INCREMENT, AUTO_INCREMENT=2;

--
-- AUTO_INCREMENT for table `problems`
--
ALTER TABLE `problems`
  MODIFY `id` int(11) NOT NULL AUTO_INCREMENT, AUTO_INCREMENT=17;

--
-- AUTO_INCREMENT for table `problems_made_by_users`
--
ALTER TABLE `problems_made_by_users`
  MODIFY `id` int(11) NOT NULL AUTO_INCREMENT;

--
-- AUTO_INCREMENT for table `recomand_engine_text_masterpiece`
--
ALTER TABLE `recomand_engine_text_masterpiece`
  MODIFY `id` int(11) NOT NULL AUTO_INCREMENT, AUTO_INCREMENT=4;

--
-- AUTO_INCREMENT for table `tags`
--
ALTER TABLE `tags`
  MODIFY `id` int(11) NOT NULL AUTO_INCREMENT, AUTO_INCREMENT=11;

--
-- AUTO_INCREMENT for table `tutorials`
--
ALTER TABLE `tutorials`
  MODIFY `id` int(11) NOT NULL AUTO_INCREMENT, AUTO_INCREMENT=17;

--
-- AUTO_INCREMENT for table `type_of_tutorials`
--
ALTER TABLE `type_of_tutorials`
  MODIFY `id` int(11) NOT NULL AUTO_INCREMENT, AUTO_INCREMENT=4;

--
-- AUTO_INCREMENT for table `user_data`
--
ALTER TABLE `user_data`
  MODIFY `id` int(11) NOT NULL AUTO_INCREMENT, AUTO_INCREMENT=5;

--
-- AUTO_INCREMENT for table `user_post_tutorials`
--
ALTER TABLE `user_post_tutorials`
  MODIFY `id` int(11) NOT NULL AUTO_INCREMENT, AUTO_INCREMENT=2;

--
-- AUTO_INCREMENT for table `verify_masterpiece`
--
ALTER TABLE `verify_masterpiece`
  MODIFY `id` int(11) NOT NULL AUTO_INCREMENT;
COMMIT;

/*!40101 SET CHARACTER_SET_CLIENT=@OLD_CHARACTER_SET_CLIENT */;
/*!40101 SET CHARACTER_SET_RESULTS=@OLD_CHARACTER_SET_RESULTS */;
/*!40101 SET COLLATION_CONNECTION=@OLD_COLLATION_CONNECTION */;
